food_item,energy_kcal,carbs,protein_g,fat_g,free_sugar_g,fibre_g,cholesterol_mg,calcium_mg,nutrition_density,health_risk_score,is_spice_condiment
Butternaan,300.0,50.0,7.0,10.0,2.0,2.0,15.0,50.0,22.51166307381699,20.20938329365446,False
Cupcake,200.0,30.0,2.0,8.0,20.0,0.5,20.0,20.0,10.768949257728057,36.66602769292958,False
Donuts,250.0,30.0,3.0,12.0,10.0,1.0,20.0,20.0,13.859328871283411,29.445604207211876,False
French Fries,312.0,41.0,3.4,15.0,0.3,3.8,0.0,20.0,20.013368950001414,20.251448799184253,False
Garlic Bread,200.0,25.0,4.0,10.0,1.0,1.0,10.0,30.0,16.520724287357453,18.45737502977105,False
Grilled Cheese Sandwich,400.0,30.0,12.0,25.0,2.0,2.0,50.0,200.0,32.98847863841941,27.780274104205137,False
Hot Dog,290.0,24.0,10.0,18.0,4.0,1.0,30.0,20.0,23.5165146257095,24.782496587375643,False
Ice Cream,207.0,24.0,3.5,11.0,21.0,0.5,44.0,100.0,14.831479853888052,39.654467299601414,False
Lobster Roll Sandwich,450.0,30.0,20.0,25.0,3.0,2.0,80.0,60.0,39.188079457470465,28.47092577797992,False
Onion Rings,275.0,31.0,3.0,15.0,5.0,2.0,0.0,30.0,16.32206125923561,24.75198621981681,False
Red Velvet Cake,293.0,37.45,5.45,13.74,13.89,1.2,43.0,85.0,18.75994636354802,34.883196789128256,False
Strawberry Shortcake,250.0,35.0,3.0,12.0,15.0,1.0,30.0,50.0,14.174396982214187,34.59991883736212,False
Vada Pav,304.0,40.17,9.17,11.92,9.42,3.8,0.0,71.0,28.176414416511655,24.964304580217433,False
Waffles,220.0,20.0,13.0,11.0,5.0,3.0,30.0,100.0,33.182634790014546,19.499075418450495,False
Hot tea (Garam Chai),16.14,2.58,0.39,0.53,2.58,0.0,0.0,14.2,9.833330085154204,13.843392213922478,False
Instant coffee,23.16,3.65,0.64,0.75,3.62,0.0,0.0,20.87,10.236671828297133,14.918516437196335,False
Espreso coffee,51.54,6.62,1.75,2.14,6.53,0.0,0.0,58.1,12.424370850723033,18.224065690216946,False
Iced tea,10.34,2.7,0.03,0.01,2.7,0.0,0.0,1.18,8.982466508944688,13.787860954488734,False
Raw mango drink (Aam panna),35.92,9.05,0.16,0.03,7.49,0.61,0.0,7.08,9.810803241196428,18.347907168551124,False
Fruit Punch (with fresh juices),36.12,9.38,0.14,0.03,9.25,0.06,0.0,5.07,8.627184602796968,20.233691121697476,False
Fruit Punch (with squashes),23.13,5.99,0.07,0.02,5.88,0.17,0.0,3.3,9.032535241301645,16.85757400502268,False
Lemonade,20.8,5.48,0.03,0.01,5.47,0.02,0.0,1.84,8.733973529397463,16.522356601476467,False
Lem-o-gin,21.52,5.55,0.08,0.03,5.38,0.13,0.0,2.2,9.001207002819509,16.38807137515723,False
Cumin infused water (Jeere/Zeere ka pani),9.09,1.86,0.17,0.11,1.46,0.46,0.0,10.84,10.341051903036481,12.381478815912132,False
Coco pine cooler,32.75,5.72,0.56,1.0,5.52,0.26,3.4,17.81,10.250792886115121,17.053616561002393,False
Summer cooler,22.43,5.43,0.37,0.04,5.21,0.2,0.0,8.13,9.688173075982256,16.106128817010074,False
Hot cocoa,90.1,9.23,3.36,4.56,9.01,0.0,0.0,113.66,15.821502513457038,21.52145516286175,False
Cold coffee with ice cream,67.85,11.24,1.57,2.11,11.18,0.01,1.17,53.29,11.557307480705763,22.933241592677497,False
Banana milkshake (Kele milkshake),65.31,9.15,1.84,2.37,7.96,0.26,0.0,62.64,12.940426171153492,19.739959602475196,False
Mango milkshake (Aam milkshake),56.9,7.23,1.73,2.35,7.15,0.26,0.0,62.33,12.879031093879613,18.854570063873865,False
Pineapple milkshake (Ananas milkshake),55.72,7.62,1.66,2.23,7.6,0.0,0.0,59.92,12.241132138009295,19.354384875166325,False
Orange milkshake (Narangi milkshake),57.42,7.11,1.86,2.52,7.08,0.0,0.0,67.42,12.770693845198828,18.940691575013485,False
Egg nog,97.14,8.15,4.78,5.11,8.06,0.02,60.3,102.13,17.29298291307715,24.188851374178796,False
Sweet Lassi (Meethi lassi),35.66,6.51,1.29,0.68,6.51,0.0,2.49,45.65,11.491514733951751,17.688234362945543,False
Lassi (salted),18.84,1.86,1.35,0.72,1.84,0.02,2.6,47.78,12.171173014711496,13.065698907720083,False
Cheese and chilli sandwich ,218.11,27.4,6.8,9.78,2.38,2.08,23.05,113.79,24.238189287019253,19.182724029260445,False
Egg sandwich (Ande ka sandwich),285.96,29.16,8.69,15.8,1.86,1.88,121.63,110.13,25.886205542692807,27.792464520632254,False
Cucumber sandwich (Kheere ka sandwich),188.6,25.77,4.8,8.0,1.64,2.45,17.53,87.84,21.61824589480305,17.509490179930793,False
Cheese and pineapple sandwich (Cheese aur ananas ka sandwich),257.71,29.1,8.2,12.8,4.1,2.33,34.35,199.73,28.694610296518615,22.683215893702325,False
Cheese and tomato sandwich (Cheese aur tamatar ke sandwich),243.32,26.92,7.92,12.27,2.85,1.97,32.88,191.2,27.638327340033175,21.24867240793243,False
Chicken sandwich,253.27,25.38,13.12,11.75,1.6,1.64,42.06,89.56,31.068049515341023,18.814950135491152,False
Peanut and tomato sandwich (Moongfali aur tamatar ka sandwich),291.43,28.54,9.53,16.14,2.82,4.03,17.53,94.03,30.277541139191946,20.983196430462424,False
Rainbow sandwich,272.75,34.26,7.75,12.54,4.05,2.1,31.16,172.04,26.92437383915578,22.984056286220024,False
Club sandwich ,235.32,18.51,7.31,15.12,2.01,1.81,31.26,115.68,24.415644081884174,21.511082321740723,False
Vegetarian club sandwich,198.33,19.68,5.45,11.33,2.08,2.06,23.13,122.44,22.699451878760016,19.55577085493583,False
Pin wheel sandwich,311.52,14.0,8.77,24.93,1.45,0.93,179.52,67.75,22.861579514967517,35.18849699862655,False
Carrot apple sandwich (Gajar aur seb ka sandwich),214.11,29.04,5.3,9.12,5.3,3.66,21.05,118.05,24.724287464333827,21.189020803062185,False
Salami sandwich,255.59,21.54,8.7,15.51,2.0,1.97,33.35,73.54,25.252022680148045,21.58255426924938,False
Vegetable and mayonnaise sandwich,244.26,23.2,4.47,15.4,2.35,2.35,21.87,79.53,20.507338616670054,22.395730494664697,False
Egg and tomato sandwich (Ande aur tamatar ka sandwich),222.11,25.9,7.66,10.51,2.09,1.77,95.63,95.71,24.128890295836758,23.599378637584323,False
Sweet open sandwich,244.25,39.24,4.99,8.15,12.23,2.36,18.05,85.18,20.475326611104585,28.407125239024918,False
Mushroom and cheese sandwich (toasted),227.42,21.01,7.79,13.01,2.11,2.28,35.12,172.35,27.501166730502582,20.510336623494705,False
Cheese and tomato sandwich (toasted) (Cheese aur tamatar ke sandwich (toasted)),224.58,21.42,6.82,12.95,2.67,1.78,35.12,169.22,25.250523729563408,21.575658461272475,False
Pea potato sandwich (toasted) (Matar aloo ka sandwich),164.9,25.17,4.6,5.43,1.33,2.89,0.0,64.15,21.545076134147052,14.578590960175314,False
Paneer pea sandwich (toasted) (Paneer matar ka sandwich),249.56,24.05,12.4,11.98,6.4,2.12,0.0,274.1,35.90784961509797,20.582343757077773,False
Chicken sandwich (toasted),167.37,18.82,12.08,5.32,2.13,1.64,26.57,99.99,30.17905900639327,14.611472054579261,False
Pea keema sandwich (toasted) (Matar aur keema ka sandwich),171.78,20.26,11.06,5.61,1.94,2.45,27.29,70.79,29.34114473009496,14.681624606086531,False
Classic club sandwich,200.83,18.49,6.74,11.56,1.86,1.62,62.87,107.73,23.136640750634427,21.67560878102949,False
Sesame toast,495.19,11.15,1.9,49.38,1.46,1.32,0.0,43.44,13.699655950039311,39.07270504832317,False
Cracked wheat porridge (Meetha daliya),81.57,8.87,2.64,4.08,5.12,0.62,0.0,75.88,15.23065131137276,17.615298701235908,False
Semolina porridge (Suji/Rava daliya),100.89,12.39,3.75,4.08,7.54,0.7,0.0,108.52,17.502336298093063,19.755881119376838,False
Oatmeal Porridge,72.85,8.77,2.6,3.22,5.2,0.39,0.02,76.83,14.83850784742448,17.33066500184172,False
Cornflakes with milk,117.33,14.95,3.59,5.12,9.97,0.78,0.0,106.47,17.076033868121037,22.707283316218987,False
Rice flakes (Chiwda/Aval),112.44,15.57,3.62,3.99,7.28,0.37,0.0,103.15,16.649054536748327,19.96776726758054,False
Wheat flakes,112.44,15.57,3.62,3.99,7.28,0.37,0.0,103.15,16.649054536748327,19.96776726758054,False
Murmura (Puffed rice),113.32,15.67,3.62,4.04,7.31,0.28,0.0,103.79,16.513689860843296,20.07743348091465,False
Puffed wheat (Murmure/Moori),113.32,15.67,3.62,4.04,7.31,0.28,0.0,103.79,16.513689860843296,20.07743348091465,False
Boiled egg (Ubla anda),45.35,0.12,4.43,3.04,0.0,0.11,121.19,17.75,15.276476079331289,18.905623146839766,False
Fried Egg ,223.67,0.31,11.59,19.62,0.0,0.29,316.88,46.4,24.798671848089313,37.841323760446244,False
Poached egg,123.87,0.37,11.98,8.19,0.05,0.3,326.79,48.24,25.637034890692476,32.18023040552146,False
Scrambled egg (Ande ki bhurji),155.97,1.35,10.29,12.21,1.08,0.24,273.6,64.59,23.740340748816926,32.604360753338476,False
Baked egg ,218.85,15.42,11.88,12.65,1.66,1.03,204.36,164.05,30.12508247180479,29.335324374828676,False
Plain omelette/omlet,272.41,0.64,9.66,25.74,0.51,0.12,255.94,48.4,22.011794453770047,38.55710635930048,False
Stuffed egg omelette/omlet,203.51,2.3,8.6,17.77,1.57,0.75,154.38,89.91,23.259728845796555,29.0071827529704,False
Pancake,203.36,20.49,5.68,10.82,3.32,0.65,35.93,79.49,19.249250764120777,22.037245126137663,False
Keema pancake,176.27,9.56,9.01,11.25,2.2,0.84,46.43,40.96,22.914122218169933,19.785423691406578,False
Vegetable pancake,125.18,12.24,3.87,6.57,2.09,2.48,19.32,42.89,19.155731840858234,16.47288445274149,False
Jam and fruit pancake,162.02,20.73,3.79,7.01,7.85,1.21,23.09,54.06,16.614266541673764,23.5800366517618,False
Khoa and coconut pancake,271.98,27.32,6.98,15.29,16.47,1.65,21.35,157.22,23.394767714023477,35.089653846771704,False
Brown stock,21.32,0.25,1.95,1.38,0.14,0.09,0.0,17.16,12.356397838697243,11.369272075784625,False
Vegetable stock,17.6,0.96,0.3,1.38,0.44,0.38,3.46,5.08,10.278862228885478,12.288344091503113,False
Chicken stock,29.88,0.37,3.69,1.51,0.2,0.1,10.23,3.57,14.21766994446885,11.59549280759208,False
Clear tomato soup (Tamatar ka soup),80.07,3.45,4.79,12.22,1.44,1.96,0.0,29.05,19.146395808918967,15.500808162150896,False
Lentil soup,31.17,3.94,9.65,11.68,1.06,2.57,2.19,40.57,26.95553377688695,11.752580371712398,False
Chicken consomme (Clear chicken soup),47.94,1.19,11.47,12.02,0.54,1.57,17.0,35.48,27.532906089431464,12.474568542558945,False
Cream of tomato soup,97.81,3.93,4.61,13.12,1.81,1.38,5.47,39.61,18.170882794405276,17.250121150510918,False
Cream of green peas soup,127.84,6.75,7.13,14.78,1.61,2.95,6.19,51.01,24.382691336065456,16.551762654248332,False
Cream of spinach soup,100.54,3.45,5.21,13.31,1.13,1.74,5.47,70.77,20.530427766436727,16.337509547756127,False
Cream of mixed vegetable soup,59.65,4.93,6.84,9.05,2.1,2.14,7.05,65.26,23.17744604111242,14.078856917505613,False
Cream of mushroom soup,117.28,3.74,6.64,15.5,1.93,1.34,6.74,70.56,21.59676287996224,17.898069619823772,False
Chicken sweet corn soup,28.32,1.63,14.48,12.59,0.27,0.47,6.37,91.5,31.356882994767894,10.672237361986241,False
Minestrone soup,42.66,3.71,9.3,11.09,1.01,1.92,3.7,53.55,25.80032478525963,12.32620914183196,False
Egg drop soup,26.64,1.1,12.93,13.52,0.6,0.81,31.67,100.14,30.011102967386016,13.280326985308374,False
Chinese cabbage and meat ball soup,484.31,1.43,5.21,56.57,0.37,0.57,5.83,41.07,16.701849881902085,39.725217388322115,False
French onion soup,55.61,4.28,11.41,14.39,1.5,1.01,10.59,106.22,28.452598256257517,14.237979264874392,False
Hot and sour soup,31.51,1.78,3.12,1.31,0.66,0.6,17.91,10.68,14.43692653984516,12.434648853710524,False
Talaumein soup,35.63,4.17,10.12,12.78,0.77,1.94,12.4,42.33,26.55597344217933,12.734850959628698,False
Cold cucumber soup (Thanda kheere ka soup),48.03,4.58,2.99,1.99,3.34,0.88,7.06,99.79,17.05004539238758,14.700736029228906,False
Cold summer garden soup,49.19,2.65,8.57,14.08,0.46,1.86,10.12,43.93,24.439050394272762,13.724410122167686,False
Chapati/Roti,202.31,35.65,5.88,3.56,1.0,6.31,6.83,17.22,27.555378991929274,12.657752982880924,False
Plain parantha/paratha,298.3,30.69,5.06,16.86,0.86,5.43,0.0,14.81,24.6600069537225,19.598903527879447,False
Potato parantha/paratha (Aloo ka parantha/paratha),205.04,23.92,3.7,10.22,1.15,4.18,0.0,17.38,21.03813606700647,16.66819952795521,False
Radish parantha/paratha (Mooli ka parantha/paratha),183.52,20.54,3.3,9.53,1.31,4.32,0.0,23.75,20.941947426678045,16.18301173100512,False
Cauliflower parantha/paratha (Phoolgobhi ka parantha/paratha),178.07,18.84,3.73,9.47,1.15,4.68,0.0,22.0,22.074680784618106,15.54041081694204,False
Dal parantha/paratha,268.24,30.03,6.78,13.05,1.43,6.46,0.0,23.89,28.925903768142913,16.921606229848898,False
Sprouted moong parantha/paratha,228.59,24.31,4.29,12.43,1.47,4.49,0.0,20.33,22.32013642930666,17.851618547310498,False
Pea parantha/paratha (Matar ka parantha/paratha),190.73,21.51,5.59,8.8,1.29,5.61,0.0,23.49,26.092615937875152,14.50439764041759,False
Keema parantha/paratha,238.09,18.36,9.41,13.91,0.99,3.44,25.66,19.35,27.21592754644547,18.21669521672628,False
Paneer parantha/paratha,262.97,24.33,7.98,14.62,3.77,4.0,0.0,127.65,29.171281657556847,20.227100611036825,False
Besan and spinach parantha/paratha (Besan aur palak ka parantha/paratha),216.49,21.39,5.54,12.09,1.31,4.39,0.0,33.07,24.19930837404528,16.86776609337869,False
Poori,737.63,8.22,1.35,77.61,0.23,1.46,1.58,3.98,11.47161033475456,53.337172364106294,False
Spinach poori (Palak poori),684.25,7.76,1.42,71.86,0.24,1.55,1.46,10.02,12.03627372719122,50.09349069547501,False
Methi poori,710.02,7.98,1.45,74.6,0.26,1.61,1.51,14.61,12.23581774968508,51.591135694668175,False
Dal stuffed poori,785.16,10.14,2.08,81.69,0.29,1.96,1.66,6.88,13.225627938014082,55.31761567186974,False
Potato stuffed poori (Aloo ki poori),776.74,9.4,1.52,81.35,0.26,1.64,1.65,5.57,11.936898947939007,55.370808190587205,False
Tandoori parantha/paratha,295.37,30.74,5.08,16.51,0.86,5.44,39.77,14.98,24.600555363953212,21.880484142697377,False
Boiled rice (Uble chawal),117.19,25.72,2.6,0.18,0.22,1.25,0.0,2.7,14.660076617044677,12.332620617140677,False
Plain pulao,140.21,21.82,2.34,4.62,1.15,1.69,0.0,12.76,15.141157161933275,15.097513121040365,False
Mixed vegetable pulao,113.05,17.49,2.72,3.33,1.35,2.67,0.0,19.61,17.48775501990751,13.57787067662109,False
Mushroom pulao,124.29,19.02,2.52,4.03,1.0,1.88,0.0,13.54,15.75380760844509,14.233468964523714,False
Sprouted moong pulao,112.97,17.49,2.19,3.61,1.43,1.78,0.0,16.26,15.20423430115906,14.407925950923637,False
Paneer pulao,581.91,8.76,1.98,59.81,1.11,0.62,0.0,33.09,12.117658725897673,44.60422011911791,False
Peanut pulao ,193.28,21.18,5.32,9.51,1.6,2.9,0.0,18.52,21.050623355369993,16.566822426684553,False
Navratan pulao,261.71,36.98,6.2,9.45,2.52,3.82,0.0,59.61,24.78524612485368,18.096329593892527,False
Green chickpeas pulao (Choliya pulao/Hare chane ka pulao),173.43,27.57,4.88,4.82,2.48,3.15,0.0,18.94,20.910562765041224,15.35863403888148,False
Mutton biryani/biriyani,190.76,22.5,7.38,7.72,2.39,2.42,0.4,68.58,24.37035098980187,16.053445537655644,False
Vegetable biryani/biriyani,174.61,18.56,3.16,9.51,2.14,3.31,0.27,33.52,19.285650780125433,17.31275259899337,False
"Lemon rice (Pulihora, Elumichai sadam, Chitranna)",176.3,21.62,4.26,7.88,0.78,2.52,0.0,12.7,18.98880439900322,15.500804484206093,False
Sweet rice (Meethe chawal),215.41,42.59,2.1,4.57,24.8,1.13,9.55,11.38,11.271001487112116,39.17267818686485,False
Curd rice (Dahi bhaat/Dahi chawal/ Perugu annam/Daddojanam/Thayir saadam),195.74,32.93,5.75,4.32,3.91,2.13,3.12,101.52,22.601354002486385,17.345463288901577,False
Tamarind rice (Chintapandu pulihora/Puliyodharai/Puli sadam/Huli anna),373.04,65.08,7.45,8.53,11.65,5.12,7.7,50.94,27.280048324613745,27.87176786612182,False
Spanish rice,164.24,31.1,4.19,2.23,1.26,2.78,0.0,18.93,19.576043016154355,13.621918105855675,False
Chinese fried rice,120.58,13.4,4.05,5.43,1.47,2.31,52.09,34.7,18.866853186446093,17.474366391666365,False
Macroni cheese pie,170.63,21.1,5.85,7.48,3.4,0.4,15.99,122.01,20.433909391412005,19.04348804612073,False
Vegetable chowmein,129.71,15.44,3.07,6.36,1.97,1.86,0.0,28.33,16.72249218832573,15.823449473992351,False
Chicken chowmein,151.33,13.3,6.33,8.23,1.63,1.64,10.73,26.1,20.52804526458236,16.115633063508223,False
Cheese noodle ring,133.67,13.96,6.22,6.12,2.84,1.27,55.67,99.3,21.696570315721285,19.125952189679474,False
Spaghetti and cheese balls in tomato sauce,508.32,7.82,2.41,52.08,1.83,0.59,3.83,40.59,12.964228775660354,41.033474556938714,False
Penne platter,177.4,20.87,5.04,8.71,4.5,1.09,2.29,67.67,18.825855462936406,19.7353172333688,False
Pasta hot pot,125.17,11.6,5.84,6.47,5.99,0.8,27.19,55.28,18.883796252765222,20.523702989323112,False
Chicken lasagne,187.49,13.9,10.45,10.36,2.74,0.11,50.38,119.98,25.83795342549884,20.259427116830096,False
Fettuccine with spinach sauce,129.21,12.19,3.1,7.83,1.18,0.77,10.29,53.67,15.718350620086294,16.78279024005768,False
Naan,286.45,51.75,8.05,4.99,5.59,1.91,10.15,88.01,24.58880858600526,20.760353825938488,False
Bhatura,793.2,10.73,1.63,82.56,0.69,0.38,0.38,12.12,10.105967190907261,57.059835656875805,False
Idli,137.54,28.18,4.64,0.33,0.28,2.31,0.0,8.0,19.228332999070876,11.54013815408376,False
Masala dosa,164.58,19.57,3.29,7.84,1.33,2.52,0.0,15.58,17.74936569272823,16.111512879484124,False
Semolina dosa (Suji/Rava dosa),227.05,32.84,7.3,7.12,4.37,4.04,4.59,116.04,28.09888050961643,17.92885832162375,False
Onion tomato uttapam,462.02,11.32,1.91,45.3,0.8,1.26,0.0,5.82,12.688883797438187,36.35617075915979,False
Paneer kaathi roll,285.94,20.1,6.92,19.55,3.29,2.4,30.84,101.66,24.218082835893483,25.158891074101767,False
Makki ki roti,263.97,24.19,3.49,16.85,0.7,5.19,39.07,14.76,22.125593579667882,21.8683573302742,False
Washed moong dal (Dhuli moong ki dal),50.0,5.91,2.68,1.68,0.12,1.17,0.0,8.48,14.82960897203878,11.257937238995538,False
Washed urad dal (Dhuli urad ki dal),61.32,5.84,2.51,2.98,0.32,1.53,0.0,10.24,15.200451782283777,12.025309496551746,False
Split bengal gram with bottle gourd (Channa dal with ghiya/lauki),73.25,7.1,2.79,3.6,1.05,2.72,0.0,14.33,17.563204378949937,12.452394890893455,False
Dry washed urad,124.71,15.66,6.85,3.5,0.73,4.06,0.0,27.08,25.489369976071774,10.975821452480844,False
Mixed dal,61.93,5.79,2.51,3.1,0.34,1.62,0.0,11.0,15.366992393046242,12.052739885973086,False
Whole moong (Moong ki dal),53.7,5.22,2.25,2.56,0.59,2.02,0.0,13.58,15.753699956155689,11.810962178274103,False
Whole masoor (Masoor ki dal),54.05,5.37,2.28,2.52,0.67,1.98,0.0,12.2,15.678603785426164,11.885795511476676,False
Whole moth (Moth ki dal),55.0,5.74,2.01,2.62,0.66,1.85,0.0,18.98,15.304412867810397,12.106492272455391,False
Whole urad (Urad ki dal),53.8,5.05,2.21,2.62,0.57,2.32,0.0,13.07,16.184709738856657,11.679809979226015,False
Moti mahal dal (Urad rajmah mix dal),103.13,8.74,3.93,5.66,1.7,3.38,1.92,38.13,20.713461133304147,13.747298343278002,False
Black channa curry/Bengal gram curry (Kale chane ki curry),140.68,14.11,5.67,6.61,2.36,7.99,0.0,53.87,30.99371287576733,12.361937331404583,False
Chickpeas curry (Safed channa curry),163.43,19.98,6.1,6.84,4.78,4.73,0.0,30.61,25.19756332986069,16.622456605242483,False
Lobia curry,148.99,17.88,6.06,5.62,2.51,4.57,0.0,36.8,25.33425348863004,13.919831004227296,False
Soyabean curry,163.28,6.76,10.43,10.19,2.66,7.34,0.0,65.13,36.37924690651742,12.789976870814474,False
Kidney bean curry (Rajmah curry),143.73,16.38,5.95,5.77,2.49,5.83,0.0,47.87,27.604813830812795,13.241270657487478,False
Sambar,96.92,10.57,3.35,4.38,3.31,3.52,0.0,30.24,19.817919117750478,14.669356630994457,False
Besan kadhi with pakodies,403.35,3.56,1.64,42.59,0.88,0.81,0.94,24.53,12.215234863029682,34.576792655773616,False
Khatta channa,202.57,21.14,6.3,10.56,4.75,5.26,0.0,40.77,26.539336696510475,18.401901979157515,False
Sprouted moong dal chat,32.47,6.01,1.35,0.32,1.57,1.35,0.0,16.54,13.500901303789679,12.153870929282181,False
Potato cauliflower (Aloo gobhi),106.18,5.99,1.9,8.13,0.44,3.02,0.0,22.87,17.094895079602175,14.398657621335548,False
Potato capsicum (Shimla mirch aloo),125.53,8.72,1.41,9.33,0.54,2.02,0.0,16.45,14.558585486057146,16.03825896269415,False
Cabbage and peas (Pattagobhi aur matar),63.88,6.24,3.24,2.64,0.97,3.99,0.0,45.5,21.20219582203176,11.016536456125486,False
Carrot and fenugreek leaves (Gajar methi),61.92,4.17,2.1,3.81,2.11,4.43,0.0,128.83,22.720695428072357,12.641595746029449,False
Potato fenugreek (Aloo methi),135.15,8.47,2.25,10.04,0.54,2.93,0.0,107.8,19.81241969750999,15.700145558351323,False
Brinjal bhartha (Baingan ka bhartha),65.12,4.4,1.38,4.48,1.82,3.27,0.0,17.85,16.63304986902306,13.556787285318972,False
Dry potato (Sookhe aloo),103.15,14.38,1.62,4.18,0.33,1.88,0.0,17.2,14.761267170799002,13.564523607303029,False
Beans with coconut (Nariyal aur sem/phali; Beans thoran),131.63,4.39,2.62,11.39,2.06,5.59,0.0,51.92,22.896767518037258,15.966572118009475,False
Cauliflower with coconut (Nariyal ke saath phoolgobhi),132.11,3.99,2.64,11.56,1.71,5.27,0.0,35.37,21.943588132385216,15.87258186431375,False
Carrot and cabbage with coconut (Nariyal ke saath pattagobhi aur gajar),106.61,4.99,1.82,8.62,2.36,4.52,0.0,48.63,20.01477802177115,15.588785173139883,False
Raw turnip with coconut ,132.15,5.78,1.8,11.47,4.4,2.79,0.0,50.65,16.889357905075755,19.872743901067338,False
Raw papaya with coconut (Papaya thoran),132.75,5.58,1.54,11.42,3.82,4.31,0.0,33.74,18.637882459089465,18.678069414729116,False
Stuffed okra (Bharwa bhindi),94.34,3.85,2.08,7.66,0.48,4.15,0.0,86.89,21.083858798827432,13.363513355180656,False
Stuffed round gourd (Bharwa tinde),72.8,4.02,1.1,5.75,1.96,2.1,0.0,20.21,14.349054723413323,14.996703537104446,False
Stuffed capsicum (Bharwa shimla mirch),90.94,8.26,1.34,5.7,1.21,2.01,0.0,15.17,14.435924040215612,14.656254426384285,False
Stuffed brinjal (Bharwa baingan),93.0,3.96,1.53,7.73,0.92,4.09,0.0,24.37,18.39316041068945,14.007134730954549,False
Stuffed tomatoes (Bharwa tamatar),93.35,6.19,3.28,6.06,2.68,2.2,0.0,59.16,18.416492976122292,15.291650962744304,False
Pea potato curry (Aloo matar),100.92,9.74,3.48,5.13,1.86,3.61,0.0,21.1,20.00801333033109,13.604995031620732,False
Pea paneer curry (Matar paneer),134.83,9.29,6.61,7.75,3.89,3.3,0.0,105.2,25.76619289048537,16.00634265068105,False
Pea mushroom curry (Matar mushroom),93.3,7.41,3.87,5.16,1.82,3.86,0.0,22.7,20.990467637428726,13.125083987273268,False
Pea curry (Matar ki sabzi),102.99,9.2,4.51,5.11,1.98,4.44,0.0,24.48,22.822026587329145,12.91992518957325,False
Pea vadi curry,101.95,8.9,4.64,5.08,1.92,4.28,0.0,23.62,22.71003846658911,12.860809648533532,False
Paneer curry,176.52,8.4,7.8,12.38,6.29,1.4,0.0,189.06,26.249070410577087,21.19072958359589,False
Lotus stem curry (Kamal kakdi curry),110.34,9.24,1.53,7.25,2.09,3.14,0.0,26.59,16.755501566065828,15.77260160037714,False
Gravy for kofta,125.59,6.31,1.75,10.35,3.73,1.96,1.18,39.65,15.220443109699314,19.24791432495798,False
Pea kofta curry (Matar kofta curry),595.66,4.17,2.01,63.39,0.88,1.7,0.21,13.84,13.33233509410736,45.38750660445632,False
Spinach kofta curry (Palak kofta curry),571.78,3.56,1.09,61.49,0.82,0.92,0.2,29.31,11.34092437062452,44.90842057312399,False
Paneer kofta curry,670.91,3.27,2.39,72.06,1.98,0.4,0.24,59.49,12.669299172666065,51.55672402205542,False
Lotus stem kofta curry (Kamal kakdi kofta curry),633.56,5.01,0.96,67.76,0.88,1.01,0.23,19.31,10.857517043246768,48.50980927096341,False
Raw banana kofta curry (Kela kofta curry),627.27,3.4,0.62,67.98,2.3,0.59,0.23,9.23,9.270371730286927,50.07994023756457,False
Cauliflower kofta curry (Phoolgobhi kofta curry),641.1,2.62,1.04,69.62,0.83,1.0,0.23,12.26,10.704753492433358,49.24519206483007,False
Cabbage kofta curry (Pattagobhi kofta curry),639.81,2.87,0.98,69.4,0.89,0.9,0.23,15.46,10.552136678459656,49.26979150203322,False
Ghiya/Lauki Kofta Curry,638.71,2.71,0.89,69.4,0.82,0.83,0.23,11.64,10.214718272369375,49.25322537391421,False
Spinach paneer kofta curry (Palak paneer kofta curry),606.03,2.94,1.43,65.41,1.16,0.75,0.22,37.71,11.614722147329879,47.28164513541519,False
Vegetarian egg kofta curry,627.41,4.26,1.33,67.24,1.19,0.64,0.22,28.39,10.97597003882569,48.51255545564755,False
Baked vegetables,88.99,8.44,3.67,4.44,2.56,2.34,8.27,80.2,19.796849686106928,14.817463354197706,False
Cauliflower musallam (Phoolgobhi musallam),58.83,4.48,1.89,3.55,1.71,3.06,0.0,24.61,17.185608227151125,12.898524238468598,False
Baked vegetables with spinach ,77.79,6.93,3.22,4.03,2.09,2.33,6.55,78.63,19.21403932030936,14.077811115785806,False
Baked potato with skin ,135.77,11.11,3.43,8.5,1.66,1.2,21.72,90.06,17.823522572235934,17.957746088696464,False
Shepherd's pie (vegetarian),135.63,12.03,5.04,7.3,2.78,2.23,10.62,85.59,21.45296833632365,16.69789056607241,False
Baked brinjal in tomato sauce,38.63,4.13,1.58,1.62,2.2,2.34,0.0,26.24,15.6313033807863,12.715665508947122,False
Dum aloo,682.33,3.33,0.7,74.01,0.71,0.68,0.49,16.49,9.749251982913178,51.88319864760321,False
Spinach paneer (Palak paneer),77.68,4.43,4.03,4.76,2.55,1.91,0.0,113.25,20.546561201604373,14.222054249846666,False
Methi chaman,475.62,2.78,1.54,50.91,1.79,0.53,0.0,60.57,12.365072004789944,40.00233072058624,False
Sarson ka saag,87.84,5.33,3.0,5.86,0.75,3.69,13.24,134.41,22.886036125658652,13.534165710701398,False
Jackfruit sabzi (Kathal ki sabzi),625.4,3.4,0.69,67.6,2.59,1.02,0.0,9.85,10.072052560902419,49.91014193061515,False
Avial,124.56,8.47,2.46,8.94,3.83,5.44,0.0,31.9,21.71907917957385,16.71081256087887,False
Al yakhani,147.54,4.65,2.86,13.14,3.56,1.27,4.74,103.88,17.34415976767932,20.670432341572756,False
Shahi paneer,156.5,6.64,5.06,12.34,5.01,1.4,23.7,125.38,20.875955587092193,22.14512157317099,False
Paneer in butter sauce,145.61,9.7,6.99,8.81,7.49,1.5,9.9,170.59,24.74719502870042,21.2506954476371,False
Methi malai paneer,194.98,8.15,7.34,14.76,6.0,1.47,7.11,183.96,25.563562691295182,22.751687055285146,False
Chilli paneer,777.51,3.31,2.1,84.01,1.5,0.5,0.34,42.9,11.716486649778727,57.687809682985446,False
Paneer makhana korma,775.82,4.63,3.24,82.76,1.84,0.21,1.58,72.89,13.592375852002315,57.29583532044828,False
Kadhai Paneer,107.99,7.34,4.33,6.81,5.54,2.07,0.0,91.53,20.19543036282484,18.113806582280567,False
Roghan josh,139.59,4.93,9.56,9.02,2.66,2.08,1.4,112.33,27.92384759238803,14.956603459734353,False
Spinach mutton (Palak mutton),80.32,3.45,5.74,4.71,1.42,2.23,0.68,96.88,22.96312282874788,12.43477687818293,False
Pea keema curry (Matar keema ki sabzi),133.0,6.24,8.43,8.14,1.82,2.96,22.87,35.6,25.71116009269979,15.092222917285206,False
Keema kofta curry,154.45,5.64,9.77,10.39,2.14,1.51,57.79,49.89,25.288719372502065,19.010747481628574,False
Kashmiri mutton koftas (Gushtaba),97.42,3.04,6.33,6.77,2.13,0.62,25.31,52.53,19.576959467826875,16.28386128266117,False
Mutton yakhni,104.13,0.84,8.27,7.7,0.13,0.67,0.0,88.61,23.52249019844895,12.559428238189891,False
Chicken yakhni,99.0,0.78,10.66,6.1,0.12,0.62,29.29,28.24,24.769607732165106,12.779681334128473,False
Mutton do piaza,183.3,4.14,9.39,14.41,2.9,1.93,77.86,118.61,27.25176633076106,22.918284528876615,False
Mutton chops,663.64,1.48,4.03,71.31,0.42,0.17,13.32,36.18,13.909399900217677,49.99716867205358,False
Shammi kebab,685.69,3.54,4.52,72.61,0.31,1.05,24.6,13.11,15.278388126233994,50.89992962917967,False
Scotch egg,676.89,1.91,4.05,72.62,0.3,0.36,48.59,15.03,13.509750659423965,52.73108291087384,False
Shepherd's pie (with minced meat),142.78,8.06,7.45,8.88,1.7,1.05,33.31,21.3,20.80093425601128,17.468340584848885,False
Chicken curry,129.22,3.38,11.79,7.57,1.79,1.41,31.25,27.29,27.304049143155474,14.744580179068844,False
Tandoori chicken,145.2,2.34,16.26,7.93,1.58,0.5,44.25,44.33,32.12873722419275,14.515346616425104,False
Butter chicken,137.0,3.74,10.92,8.7,2.37,1.32,39.26,25.28,25.84146169929426,16.72670585811825,False
Chicken kebab,729.41,1.11,3.71,78.89,0.24,0.21,9.94,3.46,12.438831456832203,53.80916336858423,False
Chilli chicken,198.83,2.86,9.57,16.56,0.93,0.99,23.87,12.97,23.16511299791094,19.256071048477448,False
Fried chicken with tomato sauce (Fried chicken tamatar ki chutney kay saath),125.03,2.51,11.48,7.61,1.16,1.13,31.09,16.09,26.175576981572295,14.349585797215322,False
Fish curry (Machli curry),111.13,3.77,8.76,6.69,2.02,1.89,19.22,52.06,24.882456532466627,14.466806613098836,False
Fried fish (Indian style) (Tali hui machli),658.54,5.4,4.35,68.88,0.4,0.61,6.57,11.11,14.401102531738495,48.25823833006811,False
Fried fish and Chips (English Style) (Tali hui machli aur chips),651.75,2.77,3.36,69.69,0.17,0.29,12.51,6.56,12.433711178058111,49.10514620850849,False
Tomato fish,489.79,3.18,2.39,51.91,1.35,0.72,5.17,6.46,12.222247570186289,40.150214567309305,False
Baked fish with cheese sauce,113.96,4.06,8.64,7.02,3.22,0.08,21.37,115.64,23.434019518530825,16.82970472106372,False
Fish tikka,117.33,3.91,16.0,4.15,1.18,1.18,32.73,31.98,32.72344686247657,11.271334526724228,False
Tandoori fish,95.98,2.37,11.19,4.64,1.6,0.58,23.41,37.27,25.553077971478324,12.992702961570547,False
"Paneer, apple and pineapple salad",95.08,8.35,3.88,5.07,6.36,1.65,6.52,103.05,19.180177195985486,18.769653433740174,False
Russian salad,114.83,6.5,4.26,7.84,1.66,2.57,64.49,34.92,19.48151851675209,18.902425097449303,False
Pasta salad,190.36,12.7,4.15,13.92,2.6,0.96,12.7,66.74,17.4757052609332,21.165135795515937,False
Deviled egg,98.56,2.23,4.97,7.72,0.82,1.15,118.13,36.84,18.061300491374848,21.515037992755392,False
Hawain salad,175.23,14.35,4.27,11.37,5.24,3.93,4.24,61.03,22.19696379895947,20.262666715792655,False
Mixed pulse and vegetable salad,83.12,13.96,4.74,0.84,1.36,2.96,0.0,51.63,21.622742883398242,11.103629044290159,False
Sprouted moong salad ,37.81,5.48,2.29,0.74,2.13,0.95,1.62,54.56,15.104132128954799,12.851895786247894,False
Tossed salad,62.96,4.95,1.02,4.22,1.56,2.15,0.0,32.37,14.759994248128361,13.89500065750612,False
Mixed vegetable salad with curd sauce,60.28,7.03,4.23,1.5,2.16,3.79,4.09,65.51,22.640332146317945,11.582019194063083,False
Potato salad (Aloo ka salaad),89.91,11.19,1.4,4.4,3.94,1.32,0.0,25.61,13.411098629286753,16.985891173911703,False
Waldroff salad,141.75,11.02,1.47,10.05,8.23,1.87,9.87,29.29,13.893738729401885,24.284900499427362,False
Coleslaw,76.71,5.59,1.24,5.32,3.62,2.34,6.42,37.0,15.231074909660165,16.663715597461103,False
Fruit salad (Phalon ka salaad),78.14,15.96,0.91,1.22,9.78,1.58,2.71,25.93,12.650694726060117,21.15573361595724,False
Tomato onion raita (Tamatar aur pyaaz ka raita),59.0,7.08,3.74,1.84,5.98,0.97,6.19,120.62,18.50930213957226,16.886882287650522,False
Peanut raita (Mungfali ka raita),150.39,9.3,8.59,8.98,7.11,1.89,8.97,174.6,27.64868661941368,20.1747949004802,False
Sprouted moong raita ,60.89,6.13,4.62,2.19,5.59,0.16,7.21,139.44,18.9005222478908,16.81691610754114,False
Bottle gourd raita (Ghiya/Lauki ka raita),56.31,5.76,3.98,2.07,5.25,0.85,7.21,138.26,19.21137131351174,16.27215688214072,False
Cucumber raita (Kheere ka raita),59.13,6.35,4.04,2.08,5.22,0.86,7.21,138.58,19.317099552267717,16.28254797560445,False
Carrot and spinach raita (Gajar aur palak ka raita),56.83,5.83,4.0,1.99,4.93,1.39,6.19,142.57,20.296824558212137,15.621315623625705,False
Mint raita (Pudinay ka raita),77.59,7.65,5.64,2.96,7.48,0.34,10.51,198.22,22.015057375516996,18.874104703184393,False
Potato raita (Aloo ka raita),75.38,10.24,4.22,2.04,5.08,0.75,6.98,132.31,19.193305315557147,16.47570539116906,False
Boondi raita,687.72,3.96,2.19,73.83,1.88,0.46,2.51,49.0,12.1585435547379,52.642316503492125,False
Sweet raita (Meetha raita),99.24,17.93,3.24,1.78,15.36,1.02,5.73,108.91,16.57450458227501,26.414996152942358,False
Dahi vadas/Dahi bhalla,667.73,5.49,2.96,70.4,1.78,0.97,2.39,49.03,14.107591388108585,50.351136004277265,False
Gunjia,667.34,5.68,2.98,70.28,2.05,1.13,2.36,48.16,14.347908821589732,50.45492856756053,False
Saunth/Sonth chutney with tamarind/imli,141.53,33.55,1.01,0.15,31.31,0.93,0.0,54.74,10.245939348848546,41.83932234406679,False
Rice kheer (Chawal ki kheer),75.03,10.05,2.3,2.97,8.02,0.17,0.0,75.57,13.74739512921369,20.0794729292694,False
Makhana kheer,107.85,12.88,3.31,5.0,11.54,0.11,1.77,111.64,15.5851888090487,24.43797010041802,False
Vermicelli kheer (Semiya/Seviyan ki kheer),120.07,15.87,3.35,5.0,12.79,0.5,2.12,104.8,15.943135551398651,25.65308155310031,False
Semolina kheer (Suji/Rava kheer),113.21,15.88,3.43,4.2,12.88,0.51,0.0,105.99,16.116337622086423,25.136702810505543,False
Paneer kheer,105.31,10.03,4.53,5.37,9.87,0.07,0.0,144.66,18.26022014585526,22.415359603581898,False
Cabbage kheer (Pattagobhi ki kheer),83.51,9.73,2.87,3.8,9.28,0.51,0.0,102.74,15.696139497951432,21.295608155436092,False
Carrot kheer (Gajar ki kheer),85.35,10.09,2.81,3.85,9.63,0.73,0.0,100.12,15.86648832896245,21.583855951956345,False
Cauliflower kheer (Phoolgobhi ki kheer),81.95,8.78,3.04,3.95,8.49,0.55,0.0,101.75,16.0388398660156,20.507836751763097,False
Moong dal kheer,77.16,9.89,2.95,2.97,7.92,0.4,0.0,75.66,14.994291867050213,19.659497194980347,False
Phirni,116.12,16.11,3.49,4.34,10.79,0.36,0.0,104.57,16.121779147788764,23.40816068389863,False
Semolina halwa (Suji ka halwa),225.65,24.67,2.16,13.38,13.98,1.86,30.82,11.77,13.47948933056542,33.55567312246487,False
Shahi suji halwa,382.34,44.44,3.48,21.73,27.21,2.96,50.05,18.64,15.508785641436706,52.03865617952529,False
Carrot halwa (Gajar ka halwa),172.64,18.53,3.11,9.73,16.85,2.65,14.66,106.94,18.660953935320375,31.924877501657043,False
Egg halwa (Ande ka halwa),299.74,39.59,7.85,13.41,37.85,0.49,204.93,35.77,16.290016272767424,66.12869949172202,False
Potato halwa (Aloo ka halwa),151.66,29.18,1.53,3.48,17.42,1.64,6.23,14.15,12.3062899840119,30.44432477081501,False
Pumpkin halwa (Kaddu ka halwa),190.27,27.6,1.33,8.81,26.64,2.97,9.52,24.34,13.429664430952434,41.10671053300976,False
Moong dal halwa,349.8,40.23,8.35,17.68,25.59,2.65,34.81,110.4,24.381927158680135,45.7035991827627,False
Caramel custard (steamed),121.58,15.02,4.97,4.87,14.98,0.0,78.88,88.12,16.30103771825211,32.017931335460894,False
Baked custard,106.53,9.45,5.41,5.3,9.42,0.0,85.92,95.32,17.659717224587972,27.052519907904227,False
Soft Custard (stirred),109.18,11.19,5.01,5.07,11.15,0.0,73.35,95.82,17.00481835073638,27.976996180677247,False
Chocolate ice cream,177.7,15.41,4.47,11.25,15.33,0.0,68.26,84.24,15.362914879460465,35.32256739390341,False
Mango ice cream,125.69,11.14,3.4,7.62,11.01,0.52,55.21,67.17,14.924777974476742,28.346916088345655,False
Fruit Ice cream (Phalon ka Ice cream),171.46,16.05,4.37,10.38,14.03,0.33,17.12,93.35,16.352437481535134,30.389207495661502,False
Caramel ice cream,173.52,14.81,4.31,11.15,14.52,0.08,54.79,87.32,15.505187931002734,33.64399993814721,False
Lemon souffle,168.51,13.43,6.95,10.02,11.67,0.0,100.42,59.81,18.232582062472247,32.38901976280226,False
Orange souffle,168.28,14.2,6.8,9.73,12.31,0.22,97.54,59.04,18.324298608430098,32.633338460918026,False
Vanilla souffle,187.85,14.78,7.71,11.19,12.86,0.0,109.43,70.6,19.356710542432065,34.56004711670554,False
Chocolate souffle,189.32,14.74,7.88,11.36,12.69,0.0,108.18,71.55,19.625037307364916,34.35120427588581,False
Pineapple souffle ,196.14,15.52,8.06,11.72,13.45,0.0,117.82,67.23,19.615188661354008,35.84553643643043,False
Apple mousse,106.92,12.77,4.21,4.27,10.56,1.6,57.67,33.76,16.92441042635939,25.64967320530663,False
Rich chocolate mousse,188.26,10.84,7.96,12.19,10.3,0.0,111.71,54.59,19.463661303340377,32.634833845200845,False
Mango mousse,124.98,9.14,3.21,8.47,8.89,0.88,23.66,51.38,15.113004988663755,24.627873244482664,False
Orange and pineapple cream,101.18,11.96,1.44,5.43,11.37,1.03,15.43,35.0,12.396100168287813,25.418015355555777,False
Charlotte rousse,188.29,34.08,3.95,4.78,20.48,1.01,47.04,34.95,14.55204302398186,36.37905319612073,False
Triffle pudding,116.97,18.24,2.93,3.93,13.89,0.12,36.95,48.72,12.931772572744947,28.74622996404474,False
Snow flakes pudding,95.21,8.07,4.67,4.97,8.01,0.03,57.55,101.33,17.15914985432607,23.919709622643477,False
Kulfi,98.43,11.3,3.21,4.7,10.39,0.12,0.0,111.86,15.616258314888801,23.00624174920888,False
Steamed orange pudding,278.03,41.53,2.34,12.04,26.53,0.58,31.86,21.15,10.522552833231599,46.28344781102609,False
Meringue and rice pudding,112.93,14.6,4.84,4.05,10.87,0.17,40.85,85.43,16.90225582696528,25.41223281603931,False
Cheese pudding,285.01,19.27,11.29,18.37,18.63,0.05,99.76,226.11,27.88345152720826,42.368880867823634,False
Chocolate pudding,211.96,29.59,3.55,9.48,20.68,0.53,46.25,64.56,13.967398832174025,39.059063768103975,False
Bread and butter pudding ,167.94,19.63,5.59,7.88,11.84,0.98,55.29,105.54,19.559355231303062,29.029908112865247,False
Queen of pudding,132.92,16.35,5.51,5.38,11.77,0.27,60.59,78.26,17.54656477294066,28.04471259855528,False
Pineapple upside down pudding,257.73,35.73,3.15,11.91,22.16,0.8,62.13,26.05,12.485590960393857,43.27540157592458,False
Date and nut pie,322.42,46.86,3.93,13.31,31.18,4.13,18.85,34.69,18.382332377289952,48.68202144130029,False
Stewed apple with custard,92.87,18.36,1.27,1.82,15.46,1.01,0.0,49.24,12.241534361782751,26.814168916519574,False
Apple snowballs,101.51,24.58,0.86,0.31,19.4,1.25,0.0,9.43,10.546504122615929,30.10262984069322,False
Hot orange souffle,179.97,18.77,6.87,8.95,14.93,0.29,160.48,53.81,17.925441491848318,38.864074233830806,False
Hot chocolate souffle,226.09,26.21,6.7,11.1,22.88,0.12,138.51,60.19,16.753971192471415,46.62448309615944,False
Hot vanilla souffle,192.93,21.77,6.87,9.07,18.17,0.13,153.55,63.2,17.599169546950137,41.780636948025666,False
Plain burfi (Burfi),408.32,30.88,9.82,27.96,30.43,0.17,38.12,355.78,28.588272470068773,55.80402782712089,False
Coconut burfi (Nariyal ki burfi),467.64,32.15,8.81,34.63,31.5,3.5,29.26,272.81,30.10885098825347,58.560491171878795,False
Bottle gourd burfi (Ghiya/Lauki burfi),275.96,24.51,5.86,17.68,23.92,0.73,26.43,215.85,21.25315930554132,43.981921371133815,False
Chocolate burfi,339.33,33.15,13.0,17.86,32.38,0.0,3.78,466.48,35.84524853136668,49.224616387726435,False
Cashewnut burfi (Kaju burfi/Kaju katli),421.74,37.92,5.48,28.46,31.43,1.12,38.62,12.95,14.34726884814025,58.4735819092208,False
Gram flour burfi (Besan burfi),421.79,46.59,11.19,22.41,28.44,3.41,40.13,160.71,30.3793326984446,50.332985708470574,False
Semolina ladoo with khoya (Suji/Rava aur khoye ke ladoo ),428.71,52.86,6.71,21.86,33.28,4.68,27.87,106.42,24.54788510708442,55.073963343393594,False
Semolina ladoo with coconut (Suji/Rava aur nariyal ke ladoo ),464.43,50.9,5.68,27.03,27.32,6.69,33.81,26.72,24.695709299901836,52.01553819067399,False
Gram flour ladoo (Besan ladoo),476.91,62.61,8.93,22.76,37.76,4.43,52.34,25.35,24.08956581472478,61.28625669682012,False
Sesame ladoo (Til ke ladoo),396.96,43.5,10.7,19.64,38.63,7.72,0.0,631.82,49.718859794374396,53.569307168676076,False
Chenna murki,252.69,36.01,10.46,8.2,35.55,0.0,0.0,266.85,26.614003846209528,47.61978019197571,False
Milk cake,127.41,9.13,3.01,8.93,8.9,0.06,11.56,104.94,15.074798790116635,24.590105820566322,False
Ghujia/Lavang latika,768.98,13.0,1.86,78.93,6.08,0.52,4.62,31.01,10.693957044800383,60.25555162500242,False
Gulab Jamun with khoya,586.06,26.09,2.03,53.23,24.12,0.07,0.0,67.32,9.953893087101873,63.54661708923213,False
Mal pua,566.68,17.56,1.71,54.64,11.77,0.62,0.0,30.05,10.654973282927475,52.25514606346049,False
Shahi tukre,189.81,41.46,2.76,2.54,34.7,0.51,0.0,76.47,12.041998517484114,46.32558633514764,False
Potato pakora/pakoda (Aloo pakoda),677.19,6.04,1.9,71.84,0.22,1.03,0.0,6.59,11.716127111883097,49.88985397034003,False
Onion pakora/pakoda (Pyaaz ke pakode),674.61,5.41,1.9,71.84,0.88,1.11,0.0,7.95,11.820283272896765,50.38949731246507,False
Cauliflower pakora/pakoda (Phoolgobhi ke pakode),671.63,4.52,1.98,71.86,0.23,1.26,0.0,8.44,12.25898302401201,49.63248740672769,False
Mixed vegetable pakora/pakoda,673.81,5.12,1.94,71.86,0.38,1.13,0.0,9.55,12.00577654258054,49.89918625599681,False
Spinach pakora/pakoda (Palak pakoda),712.62,4.68,1.96,76.38,0.2,1.02,0.0,10.99,11.796383524927544,52.206225152505525,False
Methi pakora/pakoda (Methi ke pakode),713.25,4.68,2.06,76.39,0.25,1.18,0.0,23.07,12.53913315123,52.14797253539389,False
Egg pakora/pakoda (Ande ke pakode),710.51,4.48,2.83,75.86,0.19,0.86,28.39,9.55,12.561491156033842,53.47416916600865,False
Bread pakora/pakoda,710.99,8.87,2.57,74.2,0.46,1.11,0.0,19.83,13.0200277851798,51.36662762322291,False
Paneer pakora/pakoda,718.12,5.52,3.27,76.05,1.08,0.89,0.0,43.38,14.154456912630067,52.55416413691461,False
Potato bonda (Aloo bonda),632.84,4.53,1.09,67.8,0.27,0.83,0.0,6.79,10.42999154805306,47.97932151088037,False
Potato samosa (Aloo ka samosa),577.39,9.21,1.71,59.19,0.29,1.19,2.33,7.63,12.061653412874392,43.51192273166001,False
Minced meat samosa (Keema ka samosa),620.99,6.14,4.43,64.26,0.5,0.39,16.71,6.7,14.087965552502897,46.6321065330716,False
Paneer and pea samosa (Paneer matar ka samosa),623.81,8.55,4.02,63.65,1.69,1.02,0.0,64.56,16.212632163901656,46.36740713729822,False
Mathri,805.12,12.32,1.75,83.1,0.29,0.6,0.0,5.23,10.452411279633711,56.966974139679024,False
Khasta kachori,712.73,12.81,2.51,72.27,0.34,0.97,0.0,7.84,12.408372349326434,50.72931240510367,False
Vegetable cutlet,665.45,4.68,1.25,71.33,0.35,0.93,6.77,13.55,10.88386805681191,50.3027549302811,False
Flattened rice cutlet (Chirwa cutlet/Chivda cutlet/Poha cutlet),701.71,7.39,1.76,73.89,0.27,0.86,6.9,9.17,11.243393590888713,51.76165718585826,False
Peanut cutlet (Mungfali ke cutlet),698.77,5.68,2.63,74.0,0.51,1.21,6.75,14.38,13.093275823028135,51.41542285689728,False
Fish cutlet (Machli ka cutlet),654.64,3.13,2.77,70.11,0.29,0.54,11.02,10.44,12.167946602500969,49.439998390833054,False
Paneer potato cutlet (Paneer aloo cutlet),672.94,5.23,2.47,71.4,1.02,0.41,13.33,45.36,12.454072779353515,51.28512442454465,False
Spinach chickpeas cutlet (Palak channa dal cutlet),688.03,4.93,1.44,73.6,0.16,0.93,6.98,11.3,11.02783120024255,51.35338666461644,False
Cheese toast,785.37,5.49,1.98,84.11,0.53,0.31,11.55,43.87,11.334708700864459,57.8630854404084,False
Vegetable burger,519.93,13.69,3.26,50.63,1.88,1.7,7.4,26.08,15.502763478801754,40.16116261184531,False
Cheese pizza,249.5,30.62,5.79,12.43,3.42,1.95,10.64,96.51,22.045453042208088,21.435945341156184,False
Vegetable seekh kebab,690.73,5.32,1.57,73.72,0.74,0.59,0.0,32.66,11.211829344892461,51.66537890669997,False
Masala vada,826.02,4.06,1.69,89.15,0.24,1.07,0.0,7.45,11.09179958881567,59.253623959379425,False
Peanut sago vada (Sabudana mungfali vada),749.89,7.14,1.01,79.82,0.19,0.62,0.0,5.03,9.620268424555661,54.79785731150844,False
Vegeterian scotch egg,681.67,4.64,2.16,72.77,0.23,0.58,34.24,15.2,11.440198429544441,52.577933485711306,False
Paneer shaslik/tikka,93.85,7.98,5.11,4.49,4.61,1.23,0.0,123.86,20.922105813628352,16.269949788780377,False
Peanut brittle (Moongfali ki chikki),320.46,47.46,6.94,11.13,43.92,2.63,2.5,68.03,19.560587592291746,57.966192135794074,False
Spring roll,623.87,8.56,1.81,64.63,0.6,0.67,12.15,9.51,11.186532718191174,47.538910057792435,False
Dry mango chutney (Sookhe aam ki chutney),298.13,69.17,2.43,0.7,61.86,3.74,0.0,72.05,13.917516621253256,71.23104054482718,False
Peanut chutney (Mungfali ki chutney),258.37,9.87,11.8,19.06,2.76,5.73,0.0,34.79,34.376496136674106,18.32492438255714,False
Coconut chutney (Nariyal ki chutney),265.92,8.29,3.59,25.0,3.79,6.73,0.0,15.7,24.46631621737132,24.253106303575382,False
Mint and coriander chutney (Pudinay aur dhaniye ki chutney),102.6,21.18,2.81,0.51,15.88,4.33,0.0,107.45,21.44016722483499,24.664508952521242,False
Custard tart,225.6,28.66,3.72,10.73,9.31,0.91,22.28,57.47,15.855611616417319,27.73598255406082,False
Lemon tart,303.35,30.68,6.12,17.45,10.68,0.81,123.17,24.03,17.244100985880024,38.40961656368974,False
Jam tart,360.72,46.18,4.42,17.35,14.74,1.14,44.15,12.23,14.976757366543815,38.927261765016965,False
Orange cream tart,197.16,27.43,2.58,8.72,10.08,0.64,22.13,13.84,12.61666995530417,27.690150436685677,False
Pineapple tart,195.4,28.62,2.29,8.21,11.09,0.87,20.7,12.02,12.472358475895026,28.301403339800313,False
Cheese and mushroom tart,246.1,21.43,5.51,15.28,3.16,1.18,37.99,100.97,20.42588572923517,24.310585396307417,False
Cottage cheese pie,238.98,20.66,7.45,13.83,3.62,2.21,20.86,108.05,24.92256889524249,21.701810969240935,False
Minced meat pie,221.55,18.11,7.38,13.04,1.42,2.33,34.57,18.14,22.630343012507325,19.868525125201934,False
Apple cinnamon pie,258.73,33.68,3.35,12.21,11.95,1.77,36.52,16.14,15.218482926793389,31.980605523084797,False
Lemon meringue pie,224.43,35.11,3.88,8.16,21.17,0.44,75.3,16.79,12.73963242744055,41.05482427181575,False
Chocolate meringue pie,214.76,28.8,4.98,9.17,15.03,0.37,64.11,55.98,15.880971808021206,34.51738324560206,False
Cream puffs,221.33,16.0,4.7,15.48,5.94,0.38,100.48,37.93,15.734872143353256,30.970141971877425,False
Chocolate eclairs,239.42,26.22,4.24,13.5,17.34,0.33,85.94,34.21,13.799100801374804,40.32891077723434,False
Cheese balls,681.28,4.81,2.21,72.57,0.63,0.18,37.78,30.01,11.22546710772937,53.26626798472516,False
Minced meat patties,265.72,15.25,6.88,19.57,0.88,0.77,81.36,19.23,19.182227698864097,26.520867896298213,False
Cheese patties,324.01,22.23,7.38,22.67,3.93,1.24,0.0,126.41,23.555118123253784,26.143383180976965,False
Hot cheese souffle,177.1,5.41,9.18,13.23,2.91,0.12,149.14,169.17,25.265544069862663,27.829832786182422,False
Hot potato souffle,125.64,8.56,5.51,7.64,1.78,0.66,109.09,56.84,18.447956278130363,22.43271336104154,False
Hot fish souffle,142.92,3.69,11.23,9.24,1.68,0.1,122.69,58.18,24.99918547588666,22.116889321822228,False
Hot spinach souffle,104.25,4.19,5.43,7.24,1.64,0.99,100.84,80.77,19.64902872399174,21.039041790444756,False
Plain cream cake,353.94,47.18,6.18,16.17,27.74,0.71,120.92,41.95,15.86700316051019,54.44981373741629,False
Apple cake (Seb ka cake),290.08,39.48,4.94,12.87,23.52,1.22,94.69,38.99,15.629940071958817,46.66337367181069,False
Marble cake,354.11,46.88,6.3,16.27,27.56,0.71,120.14,39.6,15.97544691594862,54.22807990629239,False
Chocolate cake,335.61,45.14,6.01,15.18,27.58,0.64,109.36,41.13,15.586336061206355,52.93631717266681,False
Orange cake,357.61,48.28,6.1,16.21,28.38,0.83,123.67,29.72,15.525373188710528,55.26864354439854,False
Fruit Loaf ,324.19,46.49,5.36,13.31,24.54,0.87,90.0,45.71,15.670198411710802,48.220210724239976,False
Banana cake (Kele ka cake),389.51,40.0,5.77,23.31,23.04,1.14,68.99,23.55,15.992593667296454,50.14796295579857,False
Chocolate chiffon cake,311.71,37.87,5.76,15.8,24.25,0.7,93.35,42.15,15.791616888390227,48.66687601676203,False
Christmas cake,372.95,48.29,5.49,16.88,27.45,1.49,97.81,40.98,16.2971875284512,53.29760747239111,False
Strawberry and vanilla cake with butter icing,370.54,44.25,3.89,20.39,32.43,0.79,101.12,28.17,12.05812264533924,60.16360273943846,False
Eggless cake,318.08,46.14,8.12,11.75,27.7,0.68,27.68,212.97,23.735259563633697,45.51315197245977,False
Swiss roll,251.87,48.34,7.3,3.77,32.96,0.55,144.66,24.11,16.240798150457298,53.745344313776535,False
Pineapple pastry ,208.21,29.04,6.06,7.87,18.83,0.72,115.34,42.97,16.978238044887878,39.95236035007709,False
Black forest pastry,233.55,34.48,6.09,8.46,21.35,0.54,113.03,44.15,16.4640761565617,42.94188183675868,False
Coconut finger,274.86,42.56,7.09,8.86,28.55,1.87,127.97,24.04,18.553897572238853,50.38737725363158,False
Pineapple cake ,195.57,23.51,5.01,9.34,16.16,0.76,92.79,49.06,16.172203666327015,36.74844393007595,False
Chocolate walnut cookies (Chocolate aur akhrot ke cookies),424.8,47.1,6.56,23.62,22.58,1.54,69.03,36.1,18.077224721467655,50.11243865798767,False
Chocolate chip cookies,425.29,57.98,5.79,19.38,30.29,1.05,75.98,24.76,15.166800863336027,56.64442017878037,False
Sweet plain biscuit,380.76,50.29,5.86,17.67,21.77,1.07,76.89,42.88,16.784342711245717,47.356745731552884,False
Chocolate biscuit,379.76,51.56,5.88,17.09,24.16,1.01,72.66,41.51,16.442111670826346,49.05934110588563,False
Coconut biscuit (Nariyal ke biscuit),434.98,42.9,5.78,27.16,20.76,3.64,64.98,37.81,20.71452543676179,48.90380974419513,False
Sweet and salty biscuit (Meethay aur namkeen biscuit),407.96,45.09,6.15,22.39,7.22,1.68,55.18,37.24,19.507909276642977,34.624068847492026,False
Peanut biscuit,401.05,46.72,8.45,20.41,21.26,2.48,61.88,50.58,22.779694263376406,45.601560903083566,False
Pin wheel biscuit,404.6,54.56,5.4,18.66,23.25,1.16,44.65,42.7,16.22563029627927,47.70055460464093,False
Saffron biscuit (Kesar biscuit),458.61,59.7,6.05,22.01,22.42,1.9,49.64,25.71,17.782545991712425,48.986127557597456,False
Masala biscuit,393.64,45.18,6.06,20.75,6.82,2.14,51.29,53.73,20.728429267953395,32.93785647613555,False
Ice box cookies,374.24,56.09,5.7,14.44,26.69,1.28,70.82,18.5,15.775143054773537,50.13892188954385,False
Ginger bread man,365.0,60.26,6.61,11.01,29.12,1.6,75.31,37.92,17.86886946639315,50.70900493871981,False
Danish cookies,475.33,58.0,5.33,24.92,21.73,1.37,63.58,15.97,15.63877356479895,51.1616568632681,False
Short bread cookies,443.09,64.82,6.03,17.98,23.31,1.57,45.48,15.92,16.93009087696893,47.97651447506199,False
Coffee biscuit,416.57,46.55,6.9,23.0,21.69,1.59,63.97,48.92,19.107073558078188,48.43121777773332,False
Melting moments,437.91,55.84,5.71,21.78,25.0,1.88,80.33,30.39,17.09510214014503,52.84123390326441,False
Ginger biscuit (Adarak ke biscuit),417.91,58.44,5.98,18.31,27.06,1.49,81.73,25.97,16.532634754534744,53.244385527123455,False
Soyabean muthias,839.33,3.7,2.46,90.45,0.17,1.47,0.0,12.16,12.876796888946558,59.42374602000969,False
Soyabean tikki,698.17,4.39,3.53,74.02,0.35,2.2,0.0,29.23,16.38657482604504,49.98057019856449,False
Soyabean namak paras,838.46,4.65,2.65,89.83,0.22,1.41,0.0,12.13,13.03323347426369,59.19086740112229,False
Peanut burfi (Moongfali ki burfi),550.99,48.14,9.31,36.84,43.08,4.09,0.0,25.2,23.2861427846266,69.3577354124589,False
Spinach peanut namak paras (Palak moongfali namak paras),740.16,6.62,1.65,78.51,0.28,0.81,0.0,13.35,11.040919121518563,53.858495225853105,False
Gram flour and semolina chilla/cheela/savory pancake (Besan suji chilla/cheela),758.89,7.63,2.08,80.04,0.25,1.39,0.0,12.13,12.492596511338128,54.31063301303875,False
Rice moong dal cheela (Chawal aur moong dal ka cheela),798.26,11.13,2.74,82.44,0.15,1.18,0.0,4.99,12.739948336984593,55.76888594417939,False
Split bengal gram sweet rice (Channa dal sweet rice),190.21,41.07,4.15,0.64,19.41,2.23,0.0,30.37,17.033625103746893,30.39930768499493,False
Sweet poori (Meethi poori),782.75,14.26,2.12,79.63,7.15,1.54,0.0,34.24,12.698074290242598,60.86540707998782,False
Wheat flour and moong dal burfi (Atta aur moong dal ki burfi),441.08,60.0,9.84,18.41,31.12,6.02,35.14,25.2,28.780091236091522,50.72948521291186,False
Spinach burfi (Palak burfi),121.17,12.76,2.71,6.81,12.12,1.17,5.65,93.68,15.914677242492354,25.829616374968293,False
Sweet split chickpea roti (Sweet channa dal roti/Puranpoli),366.59,62.66,9.51,7.93,24.73,8.16,15.56,53.3,33.70288065337414,37.49778162359071,False
Sprouted moong daliya ,111.56,14.77,2.81,4.71,1.67,3.12,0.0,22.62,18.380475415863213,14.044192378709313,False
Sprouted moong poha ,192.6,26.6,5.59,6.89,1.93,3.13,0.0,28.39,22.090280429545174,15.726378639936637,False
Pearl millet ladoo (Bajra ladoo),319.66,50.98,9.61,8.06,27.44,6.0,0.0,118.74,31.947486710414857,39.02824016881605,False
Paushtik ladoo,485.87,60.34,7.65,24.98,38.12,4.57,52.71,20.67,22.415870613184744,63.04114926831663,False
Paushtik roti,149.26,26.59,7.17,1.51,2.03,5.74,0.0,52.74,29.32685562811797,11.042342468269744,False
Semolina carrot vada (Suji gajar vada),699.53,6.52,1.56,74.07,1.21,1.07,1.18,26.47,11.748190608851825,52.243392506354766,False
Dhokla,216.49,30.68,13.45,5.28,4.78,4.95,5.16,123.21,37.892349477583,14.540036507996826,False
Kashmiri tea (Kehwa),24.9,5.23,0.17,0.51,5.14,0.16,0.0,3.19,9.211834992941633,16.359935103112598,False
Steeped hot coffee,15.91,3.01,0.39,0.33,2.96,0.0,0.0,10.4,9.686344898926798,14.113896080606807,False
Hot chocolate,90.01,9.02,3.43,4.61,8.86,0.0,0.02,113.63,15.927507747129297,21.373857171227257,False
Cold coffee (with cream),82.76,11.98,1.93,3.29,11.91,0.0,3.29,64.43,12.221438636011705,24.327235779647644,False
Banana milkshake with ice cream (Kele ka milkshake ice cream ke saath),76.45,11.15,2.01,2.77,9.94,0.27,1.3,68.3,13.116076216084416,21.929168915013218,False
Flavoured milkshake,66.78,8.65,2.06,2.83,8.61,0.0,0.0,75.05,13.081032913329416,20.563262927708216,False
Jal jeera,30.24,6.7,0.44,0.26,5.71,0.95,0.0,24.72,11.4446174427426,16.402078888826132,False
Gingo,48.02,12.42,0.14,0.06,12.08,0.17,0.0,6.33,8.537484551397252,23.019586173064525,False
Mintade,40.32,10.59,0.03,0.02,10.47,0.03,0.0,2.1,8.214366646907523,21.48925878965307,False
Canjee,6.61,0.44,0.24,0.42,0.21,0.36,0.0,5.82,10.249116972144861,11.32217939878202,False
Cauliflower canjee (Phoolgobhi ki canjee),6.9,0.35,0.39,0.42,0.09,0.49,0.0,6.26,10.687059437416853,11.093964309103121,False
Potato canjee (Aloo canjee),16.26,2.69,0.44,0.39,0.1,0.43,0.0,5.21,10.615601351229706,11.313054336367223,False
Vermicelli porridge (Semiya/Seviyan porridge),78.4,10.56,2.5,2.98,7.04,0.48,0.62,72.96,14.547633473322657,19.072001574906118,False
Semolina upma (Suji/Rava upma),147.89,16.31,3.3,7.49,1.31,3.24,0.0,21.57,19.15162245994811,15.23017949057213,False
Vermicelli upma (Semiya/Seviyan upma),149.11,16.88,3.11,7.45,1.4,3.21,0.0,20.3,18.805689192074457,15.416760997422994,False
Rice upma,151.27,17.96,2.63,7.46,1.13,2.12,0.0,17.57,16.314960467364937,15.968462225513596,False
Bread upma,129.51,12.6,2.8,7.75,1.56,1.96,0.0,45.22,17.042657233252353,15.982292221164975,False
Vegetable upma,146.47,16.46,4.73,6.63,1.39,4.19,0.0,26.68,22.763300890773127,13.92100277332398,False
Poha,294.53,35.05,6.09,14.14,0.87,3.72,0.0,37.67,23.89713417831681,19.04242048085812,False
Vegetable poha,180.52,21.52,4.89,8.07,1.4,3.76,0.0,28.01,22.246459861779226,15.341929816435872,False
Moong dal stuffed cheela/chilla (Moong dal ka cheela/chilla),154.89,19.42,6.97,5.11,1.11,4.25,0.0,39.34,26.22689393874413,12.405634637380519,False
Paneer stuffed cheela/chilla,205.19,19.16,11.44,8.89,3.81,4.03,0.0,151.3,34.60131351181758,15.59704792060535,False
Indian style egg bhujia (Anda bhujia (Indian style)),102.83,3.76,6.1,7.02,1.95,1.53,145.28,31.9,19.84324748739672,23.442240536269246,False
French omelette/omlet,211.04,0.41,10.03,18.86,0.1,0.38,300.44,46.35,22.958359753379703,36.942326227578356,False
Puffy omelette/omlet,188.15,0.08,8.82,16.84,0.08,0.0,268.82,34.96,20.55635871497731,34.422655877214055,False
Orange omelette/omlet,194.66,1.68,8.93,16.84,1.68,0.0,268.82,37.33,20.595768282310296,35.97438458520695,False
Cheese and mushroom omelette/omlet,205.63,1.68,9.69,17.82,1.07,0.93,184.53,148.77,26.66756334354029,29.971089964011792,False
Spanish omelette/omlet,157.45,5.1,8.25,11.44,1.03,2.54,145.23,31.72,24.31111099428029,23.974622817632195,False
Mixed stock,25.19,0.33,2.06,1.71,0.2,0.15,10.55,2.06,12.114170021388016,12.207287549216758,False
Meat stock,24.48,0.0,2.1,1.78,0.0,0.0,11.03,0.86,11.901927213569515,12.124019494041768,False
White stock,6.99,0.4,0.07,0.56,0.24,0.17,1.39,1.58,9.576990256267283,11.657039986288716,False
Meat consomme (with mutton),29.76,0.51,14.86,13.68,0.24,0.71,0.0,115.88,32.96415913229073,10.38031709264213,False
Consomme au julienne,27.76,1.49,12.49,10.66,0.83,1.38,6.4,85.89,30.06694345254104,10.84368634095657,False
Consomme au vermicelli,29.94,1.3,15.23,12.98,0.27,0.81,7.85,97.34,33.06301727358129,10.461823903076144,False
Green pea soup (Matar ka soup),39.81,3.63,11.06,12.9,0.87,2.49,4.16,46.63,28.836227272787355,11.790991274888544,False
Spinach soup (Palak ka soup),32.59,3.03,10.54,14.26,0.29,1.98,4.24,56.23,27.627269946964375,12.04214095861133,False
Mixed vegetable soup,35.71,2.95,8.22,11.66,1.64,1.64,3.87,50.69,23.76073347092135,13.522345523617483,False
Cheese soup,41.13,1.87,12.39,17.07,0.84,1.8,9.56,83.65,30.423666240360667,13.37781033107256,False
Mulligatawny soup,54.42,8.24,11.26,13.28,1.26,2.6,3.05,43.89,29.145855839867597,12.397471623314512,False
Cream of carrot soup,59.77,5.69,8.27,12.35,1.77,1.98,6.67,57.24,24.529030997949704,14.399244037704513,False
Cream of broccoli soup,56.14,3.72,8.97,12.75,1.59,1.89,7.67,66.55,25.581458505950057,14.119232017894264,False
Cream of potato soup,60.2,6.14,8.1,12.05,1.24,1.51,6.53,51.97,23.434804631649186,14.12310310209248,False
Almond soup (Badam ka soup),78.65,3.68,10.13,13.8,1.94,0.91,28.18,114.95,26.757220304946113,16.612160214771656,False
Cold cucumber cream soup ,11.88,1.76,0.34,0.34,0.51,0.73,0.72,8.02,11.022126758108023,11.502229068672865,False
Cold tomato soup,16.9,0.59,0.11,1.56,0.22,0.16,3.88,4.2,9.65793260142915,12.348887880642234,False
Chicken stew,127.55,4.44,7.19,8.91,1.43,1.82,32.34,31.53,22.07600949647981,16.546153159782094,False
Veg paneer stew,145.55,10.22,6.98,8.41,4.85,3.08,0.0,160.51,27.37702342806081,17.306319907987337,False
Onion-green chilli parantha/paratha (Pyaaz aur hari mirch ka parantha/paratha),191.27,26.37,4.37,7.27,2.71,5.16,0.0,24.91,23.66393492228028,15.995101784707268,False
Methi parantha/paratha,148.36,22.19,4.27,4.34,2.44,5.09,0.0,65.85,24.724561412531198,13.857408494324202,False
Bathua poori,598.79,13.85,2.35,59.14,0.41,1.87,0.6,30.83,14.684297032852779,43.37469841315726,False
Gram flour poori (Besan poori),697.66,10.93,2.59,71.51,0.35,1.94,0.73,7.09,14.122229516781022,49.66161742887408,False
Beetroot poori (Chukandar ki poori),527.66,12.29,1.91,52.18,0.54,1.4,0.53,5.38,12.755707411510965,39.917348899674025,False
Peas poori (Matar ki poori),592.83,14.92,3.04,57.69,0.48,2.25,0.59,8.96,15.608221568196974,42.336845542919676,False
Peas kachori (Matar kachori),584.68,13.25,3.21,57.51,0.5,2.03,0.0,14.25,15.629581330877242,42.116747086106805,False
Pizza,146.77,9.94,6.85,8.72,1.38,1.71,18.65,77.23,22.814120218747377,16.205012248102612,False
Bacon and mushroom pancake,157.67,8.47,6.82,10.6,1.23,1.59,39.23,44.74,21.540971136488942,18.315478805384195,False
Cheese and tomato pancake,147.39,10.66,5.15,9.28,3.48,1.06,38.27,127.51,20.67737056383869,20.548707104227603,False
Minced meat pancake (with chicken),116.04,8.18,12.01,10.48,1.29,0.7,33.26,64.72,27.50648141126016,15.391498267869604,False
Eggplant/Brinjal rice (Vangi bhat),184.8,31.74,5.28,3.67,4.36,4.44,0.0,36.02,23.887906308959625,16.108779612601,False
Kashmiri 'tahar',98.21,19.11,1.95,1.37,0.17,0.98,3.02,3.93,13.38124766157377,12.855789031975393,False
Cumin pulao (Jeera/Zeera pulao),135.24,23.61,2.47,3.2,0.64,1.4,0.0,7.25,14.755316967864273,14.131110066245341,False
Peas pulao (Matar pulao),108.87,18.42,3.89,1.9,1.3,3.21,0.0,18.18,19.91412846626317,12.205182650485945,False
Split bengal gram dal and vegetable pulao (Channa dal and vegetable pulao),116.53,19.72,3.6,2.3,1.59,3.16,0.0,19.09,19.433022088969256,12.91875981500714,False
Black channa pulao/ Bengal gram pulao (Kale chane ka pulao),125.51,21.55,3.44,2.58,1.99,2.69,0.0,16.51,18.314178928346067,13.880970916471842,False
Mutton pulao,130.77,11.26,6.52,10.78,1.0,1.65,2.35,49.87,21.54327455969933,15.354978728840448,False
Chicken pulao,108.24,11.17,6.07,8.48,0.99,1.64,11.55,32.25,20.456524587488197,14.810209946783885,False
Mexican rice,120.57,14.21,4.62,4.88,1.44,1.64,11.9,14.51,18.047153583625057,14.86206060210482,False
Plain khitchdi (Plain khichri/khichdi),57.03,10.04,1.72,1.01,0.12,0.85,2.14,5.05,12.93982373395919,11.86617674526061,False
Instant idli (with semolina),247.29,43.4,9.16,3.61,3.35,7.13,3.12,93.2,35.166640700049555,13.851362760467754,False
Plain dosa,380.91,64.08,10.34,8.43,0.7,5.23,19.9,19.35,31.459159199322485,17.63821662572869,False
Masala dosa mixed vegetable fillings,144.53,23.02,4.84,3.26,1.53,4.31,5.18,31.79,23.292042143182535,13.065610474672013,False
Masala dosa paneer fillings,243.12,29.76,10.31,8.84,4.81,3.11,7.29,171.23,32.0193108443823,18.710740888508294,False
Uttapam,255.95,36.28,6.18,9.03,1.5,4.4,10.57,40.86,25.26387094271258,17.272272141156478,False
Appam,267.7,13.28,3.12,22.63,4.16,6.19,0.0,6.36,22.68653426874419,24.276616304667467,False
Beans and macaroni,136.08,14.24,4.58,7.01,1.68,2.05,19.67,86.86,20.682728190964898,16.451803967619455,False
Spaghetti bolognese,97.43,10.04,9.35,9.51,1.41,1.08,13.91,73.66,24.97887477913841,14.417168643512348,False
Meat and macaroni casserole,161.55,16.12,9.15,10.17,1.0,1.19,2.13,68.28,24.762079711442553,15.00057553521771,False
Spaghetti with meat balls and tomato sauce,158.13,10.46,5.61,10.64,1.87,1.11,16.15,40.82,19.03988492418259,18.208223823411075,False
Spaghetti with paneer balls and tomato sauce,158.54,12.72,3.95,10.44,3.03,1.25,2.57,80.73,18.174927739212894,18.947694106214215,False
Lasagne with meat sauce,63.38,5.38,2.9,3.43,1.04,0.47,8.8,24.61,14.261430627299028,13.80764817033111,False
Lasagne with vegetables,49.23,5.9,1.71,2.16,1.37,0.66,2.81,32.89,13.271679966939512,13.360636740429829,False
Home made egg noodles,240.84,42.92,6.55,4.37,1.03,1.6,38.27,15.96,20.45018493676986,17.904793077443305,False
Sour lentils (Khatti dal),34.79,6.04,2.22,0.12,1.25,1.22,0.0,8.29,14.223758039596376,11.564216146955378,False
Urad special dehusked,69.43,8.86,3.14,2.17,1.32,2.5,4.62,16.4,17.706520245765894,12.379614754027777,False
Arhar with spinach (Arhar dal aur palak),52.84,4.77,2.05,2.76,0.23,1.3,6.1,21.81,14.553887650470564,12.359402307648004,False
Moong dal with vadi,24.08,1.0,0.4,2.05,0.45,0.39,4.75,2.99,10.343618026960376,12.708093162733935,False
Rasam with tamarind (Puli rasam/ Chintapandu rasam/ Charu/Saaru),26.74,3.37,1.13,0.88,0.83,1.6,0.0,16.56,13.698766048969869,11.508674251244862,False
Rasam with lemon (Nimmakaya rasam/Nimmakaya charu/Elumichai rasam/Nimbe hannina saaru),24.41,2.85,1.11,0.87,0.44,1.54,0.0,15.56,13.587011914160987,11.137984009025008,False
Green gram whole with baghar (Sabut moong dal with tadka),63.43,6.8,3.23,2.48,0.15,3.02,5.45,25.04,19.05865046354406,11.043624301943193,False
Urad sabut special,79.39,5.03,2.33,5.46,0.86,2.15,13.38,21.45,16.16215598176662,14.364197787903096,False
Kabuli channa curry,68.57,7.63,2.92,3.06,1.24,1.12,0.15,32.03,15.589403450513943,13.101600125807632,False
Besan gatte curry,189.38,16.26,7.75,10.72,4.5,3.25,2.8,151.08,28.349250548673908,18.54531250401626,False
Dry masala chops,135.07,3.3,9.08,9.54,2.27,0.86,2.24,112.25,25.29985832661044,15.543007258951231,False
Mutton korma,115.64,2.53,7.09,8.54,1.64,0.78,3.9,79.07,21.681405565439494,15.135069850336846,False
Shahi keema kofta curry,418.13,1.73,4.14,43.83,0.78,0.91,14.97,14.51,15.308125723763839,35.06529225805055,False
Minced meat ball curry,109.79,2.86,6.82,7.85,1.27,1.49,24.77,23.84,20.890597407991343,15.48214962152334,False
Boti kebab,132.86,3.06,9.22,9.27,2.09,0.76,1.21,98.67,24.951030275650723,15.16787799612802,False
Mutton seekh kebab,133.94,3.11,11.25,8.43,1.4,1.88,0.0,117.44,30.113738795544165,12.821758507781148,False
Indian lamb and egg curry (Nargisi kofta),335.75,2.07,3.84,34.7,0.75,0.6,44.04,12.91,14.505339648176962,32.14596368392746,False
Soya chunks sweet and sour (Nutrinugget sweet and sour),500.94,3.27,2.85,55.99,1.1,0.86,23.51,13.89,13.161643548505097,42.46305623533679,False
Soya chunks korma (Nutrinugget korma),131.43,7.67,3.86,9.5,4.66,2.57,3.32,89.7,20.36930681713593,18.90818361732733,False
Mushroom matar,70.77,5.33,2.79,4.11,1.39,3.13,0.0,21.42,18.405607249956837,12.672303704485111,False
Soya chunks and peas (Nutrinugget matar),82.62,5.82,3.03,5.11,1.64,2.86,0.0,20.32,18.186955453350937,13.548468717977363,False
Vegetable yakhni,406.06,1.94,1.18,43.8,1.44,0.61,1.92,43.67,11.749662662421487,35.907301848583884,False
Spinach mushroom (Palak mushroom),47.63,2.95,1.94,2.96,1.0,2.27,2.89,49.75,16.75973028560299,12.361595843768235,False
Vegetarian nargisi kofta curry,332.15,6.58,2.29,32.94,1.65,0.86,1.03,47.09,13.963211587565976,30.08381622186606,False
Roast chicken,199.9,0.1,20.49,13.06,0.05,0.03,69.66,13.61,35.96087015004483,16.243793632020704,False
Shahi chicken masala,163.7,4.07,9.82,12.02,2.86,0.96,24.78,82.68,25.379872128821038,18.629803103343626,False
Tomato chicken,111.68,2.13,10.57,6.71,0.93,1.42,27.94,21.24,25.671596166445156,13.554324504683018,False
Creamy chicken,152.87,3.13,13.52,9.57,2.11,0.69,39.28,50.37,28.94234893200082,16.423370639032363,False
Broccoli chicken ala king,119.56,5.34,7.97,7.57,2.49,1.92,27.85,73.36,24.417388427964525,16.22383792780483,False
Ginger chicken,129.17,5.6,8.24,8.24,1.95,1.21,19.24,18.41,22.056106517268738,15.894371103343735,False
Chicken sweet and sour,445.09,2.67,6.92,47.59,0.89,0.58,32.47,21.98,18.4758374640092,37.20434844956678,False
Chicken korma,147.96,5.43,9.83,9.67,3.32,1.82,23.66,68.66,26.421514892888073,17.377363043617486,False
Bengal fish curry (Bengali machli curry),109.43,4.42,7.26,7.03,2.39,1.93,13.92,44.44,22.72747793726818,15.131402891046971,False
Fish finger,542.9,4.47,5.66,55.82,0.17,0.34,30.0,11.38,15.97046130265071,42.04456106409863,False
Fish in coconut milk (Nariyal ke doodh ke saath machli),86.21,2.73,8.66,4.43,1.55,1.52,17.13,21.94,23.376758101425516,12.803075740639084,False
Prawn curry (with coconut) (Jhinga curry),109.55,3.1,8.54,6.93,2.03,1.56,37.12,37.25,23.557872339665273,15.89461858685442,False
Baked stuffed fish,121.96,2.12,16.14,5.43,0.35,0.38,36.95,18.8,31.24431346680208,11.674730441704462,False
Fish pie,120.9,7.74,9.25,5.77,1.13,0.76,23.97,36.15,23.279831045907713,14.235681360699221,False
Crispy baked fish,138.4,9.59,10.95,6.41,1.53,1.21,28.89,60.04,26.873751635492887,14.60767853405235,False
Fish souffle,139.71,5.14,10.51,8.55,2.09,0.19,84.69,63.87,24.4515417627362,20.052525471984666,False
Potato curry (Aloo ki sabzi),89.56,10.42,1.52,4.47,1.58,2.42,0.0,23.74,15.587459562665131,14.2584885809776,False
Egg curry (Anda curry),117.52,4.03,5.38,8.81,1.9,2.09,120.74,41.59,20.140747951031564,22.81559024505854,False
Vegetable curry with coconut ,83.07,7.19,2.77,4.66,1.41,3.35,0.0,19.63,18.67069675205396,13.051819290362072,False
Curd with potatoes (Dahi aloo),59.9,7.15,1.56,2.72,1.82,1.19,1.45,36.36,13.992734693931807,13.90697851723398,False
Potato kofta curry (Aloo kofta curry),455.4,2.78,0.56,49.08,0.63,0.56,2.6,7.77,9.753894254103574,38.40934952888436,False
Yam kofta curry (Zimikand/Suran kofta curry),322.88,3.75,0.71,33.84,0.63,1.04,3.54,8.35,11.14756138819148,29.95964186726986,False
Jackfruit kofta curry (Kathal ka kofta curry),321.08,3.17,0.8,33.83,2.4,0.96,3.54,11.36,11.03467101641376,31.524068539923363,False
Spinach and potato (Palak aloo),57.17,5.91,1.63,2.82,0.93,2.04,0.0,43.67,15.805845405593479,12.52467839538948,False
Mooli bhujia,91.2,4.74,1.69,7.25,1.07,2.36,0.0,131.88,18.861633420563503,14.749749985541388,False
Bathua bhujia,90.9,3.63,2.26,7.29,1.08,3.8,0.0,165.84,22.986301163666244,13.808026144048199,False
Cabbage rolls (dry) ((Pattagobhi rolls) (dry)),142.48,6.09,8.21,9.36,1.26,1.84,32.9,31.54,23.44644292259798,16.49729077231556,False
Cabbage rolls (curry) ((Pattagobhi rolls)(curry)),124.63,7.03,5.76,8.17,3.81,2.35,18.79,29.82,20.830508725092486,17.84313350753229,False
Dry arbi (Sookhi arbi),134.95,11.11,2.12,8.97,1.55,2.47,0.0,22.77,16.314864155733417,16.528574123229383,False
Masala arbi,185.38,16.16,3.01,11.9,0.81,3.1,0.0,32.08,18.78655769504637,17.319400199344102,False
Peas brinjal bhartha (Matar baingan bhartha),84.55,5.02,2.05,6.05,1.57,3.63,0.0,19.63,18.144581137142172,13.854166866124945,False
Okra/Lady's fingers fry (Bhindi sabzi/sabji/subji),110.81,4.5,1.83,9.27,1.42,3.57,0.0,67.88,19.097526706181913,15.531461159575942,False
Crispy okra/Crispy lady's fingers (Karare bhindi),657.76,4.35,1.91,70.4,0.26,1.75,0.0,27.61,13.572906981098843,48.627213269597654,False
Beans foogath,105.06,3.26,2.03,9.22,1.7,4.15,0.0,44.2,19.607383373862934,15.265093253898334,False
Stuffed bittergourd (wet) (Bharwa karele),162.36,4.68,1.36,15.24,1.95,2.86,0.0,17.25,15.620148957747208,19.76580760504211,False
Jackfruit/Kathal (dry),488.97,4.56,0.93,51.78,3.55,1.33,0.0,12.79,11.285686440345803,42.03482729454646,False
Yam fried (Zimikand/Suran fried),491.76,5.47,0.79,51.79,0.8,1.44,0.0,8.11,11.437164808094389,39.6094778533042,False
"Cauliflower, pea and potato bhujia (Phoolgobhi, matar aur aloo bhujia)",95.67,8.23,2.75,5.54,1.47,3.26,0.0,21.05,18.504413242608916,13.744577929209965,False
Vegetable jalfrezi,68.48,5.43,1.4,4.38,1.79,2.97,0.0,27.11,16.43438455746765,13.71454995122116,False
Vegetables stir fry ,30.78,3.19,1.04,1.47,0.86,1.37,0.0,13.3,13.086757243302038,11.981608876961506,False
Broccoli delight,40.7,2.34,2.49,2.48,1.08,2.83,0.0,26.99,17.761675700297886,11.429411943527143,False
Dhansak (vegetarian),82.8,7.28,3.32,4.18,0.91,4.17,0.0,26.4,21.01266669551334,11.792106888485858,False
Cauliflower basket,90.95,3.97,5.21,5.88,1.47,2.4,51.1,100.19,22.462951918433966,16.3915390141238,False
Stuffed bottle gourd (Stuffed ghiya/lauki),93.19,4.36,5.84,5.8,1.52,1.18,45.61,71.83,20.451512955757984,16.482329897939913,False
Ducheese potato,140.54,10.94,3.6,9.01,0.29,1.29,85.15,18.1,16.046166544737503,20.841008222229835,False
Roast potatoes ,87.32,14.52,1.53,2.35,0.33,1.71,5.51,10.38,14.192675310991039,13.046974111694594,False
Stuffed baked potatoes ,100.2,11.03,3.82,4.39,0.4,1.31,72.99,25.72,16.731430307054048,17.59275470461956,False
Potato nests,111.62,11.05,5.71,4.77,1.41,2.49,26.5,55.25,22.044505420088406,14.63938383296067,False
Parsley potato,119.51,13.81,1.49,6.28,0.34,1.59,15.71,11.43,13.842630160264857,15.840429751851019,False
Creamed spinach and mushroom,419.62,3.17,2.28,44.14,1.17,1.02,7.15,65.49,14.507507724231205,35.76103532919276,False
Fricassee of Mushroom,106.66,8.13,3.65,6.63,2.51,1.23,13.55,84.97,18.004083588540155,16.819859319552933,False
Cauliflower au gratin,145.9,9.13,4.45,10.2,3.01,1.44,22.15,119.69,20.24044338144152,19.488108760152237,False
Vegetable and cheese pie,126.88,8.76,4.03,8.28,2.69,1.91,18.88,99.48,19.97311482821329,17.838768073696194,False
Spinach souffle ,150.18,6.27,7.36,10.52,0.89,1.44,114.71,133.69,24.415925783581077,22.379162934521048,False
Beetroot and egg salad (Chukandar aur ande ka salad),84.92,3.4,3.36,6.45,1.97,0.55,82.25,18.13,14.42328458020074,20.52665037118158,False
Sour cream potato salad,121.9,9.05,2.89,8.13,0.84,1.21,47.29,23.25,15.21321055872248,18.58289691829617,False
Tossed green salad,49.88,3.82,1.33,3.24,1.9,1.33,0.0,33.71,13.83834054775723,13.864089199895888,False
Spring basket salad,160.46,11.61,3.36,11.3,1.46,3.09,8.17,45.65,19.5613652945257,17.51757702694376,False
Cucumber and yogurt salad (Kheere aur dahi ka salad),36.13,4.72,2.09,0.93,2.28,1.66,2.87,68.49,16.402767652605373,12.813996380776828,False
Chicken and tomato towers,100.55,2.36,6.9,6.99,1.21,1.14,20.73,17.54,20.272853970851948,14.818399237610231,False
Jellied sunshine fruit salad,48.86,4.21,5.85,0.85,2.86,1.8,0.0,37.14,20.599526331320803,11.839823141205372,False
Tomato aspic,50.37,5.02,6.87,0.26,3.21,1.58,0.0,44.28,21.755666255347045,11.69062215505867,False
Frozen frosty fruit salad (Phalon ka salaad),103.51,15.61,1.68,4.17,14.38,0.26,26.33,28.61,10.920012915812782,28.738663069089842,False
French dressing,733.77,3.68,0.32,79.65,3.01,0.22,0.0,6.98,7.8231448631555764,57.41236328344175,False
Mayonnaise without eggs,329.05,3.98,2.13,33.84,3.68,0.04,0.0,75.54,12.994868038532129,32.577813337434584,False
Curd dressing ,78.8,8.03,5.59,2.9,7.57,0.22,10.52,194.59,21.63534741325173,19.043646156772542,False
Carrot raita (Gajar ka raita),64.78,7.19,4.14,2.19,5.99,1.69,6.98,146.72,20.975082521754643,16.67003778754749,False
Pumpkin raita (Kaddu ka raita),55.6,6.02,3.74,1.88,5.48,1.04,6.47,130.11,18.95569880732088,16.353292061856074,False
Mint and peanut raita (Pudinay aur moongfali ka raita),112.05,7.31,7.05,6.19,6.17,1.79,8.26,191.01,26.120612409465508,18.12901998172054,False
Spinach raita (Palak ka raita),52.75,5.06,3.95,1.86,3.97,1.39,5.41,142.96,20.351896927005267,14.586677678062204,False
Bathua raita,54.4,5.31,4.13,1.76,4.11,2.19,5.41,206.31,23.746901463036412,14.238929733994086,False
Pineapple raita (Ananas ka raita),67.74,8.62,3.9,2.02,8.12,1.39,6.93,134.53,19.582746688045162,18.85316451806488,False
Banana raita (Kele ka raita),89.03,13.51,4.13,2.07,10.11,1.0,6.93,133.23,18.97342080081614,21.256404974622004,False
Mango raita (Aam ka raita),67.37,8.23,3.9,2.14,7.87,0.89,6.93,136.06,18.822579039600893,18.912719869217945,False
Guava raita (Amarood ka raita),64.36,7.27,4.19,2.07,6.71,3.0,6.93,136.93,22.854413335236725,16.585295167943585,False
Grapes raita (Angoor ka raita),72.59,9.66,3.98,2.07,8.51,0.71,6.93,134.52,18.514139031775976,19.64478215744569,False
Bottle gourd kheer (Ghiya/Lauki kheer),84.07,10.0,2.7,3.86,9.63,0.55,0.0,94.18,15.251119034173207,21.69383545455657,False
Pumpkin kheer (Kaddu ki kheer),86.35,10.44,2.76,3.86,10.12,0.63,0.0,95.61,15.450737700710688,22.124412932673543,False
Apple kheer (Seb ki kheer),81.3,11.34,2.14,3.18,10.71,0.51,0.0,75.67,13.810479366615985,22.62169461802772,False
Caramel custard (baked),122.7,14.95,5.11,5.01,14.92,0.0,81.15,90.59,16.553145345405742,32.12219300273348,False
Vanilla ice cream without egg,228.67,14.21,2.69,18.15,13.45,0.0,41.7,81.27,13.04653895095831,36.18866414929621,False
Vanilla ice cream with egg,214.85,11.71,4.16,17.02,11.69,0.0,86.75,77.42,14.95163499153822,36.11624012609714,False
Strawberry ice cream,215.61,12.26,4.15,16.96,11.6,0.0,86.39,77.08,14.939806960137979,36.01269883862641,False
Chocochip ice cream,241.45,16.75,4.23,17.93,16.08,0.0,79.34,73.22,14.441398254641257,40.51303715883706,False
Choconut ice cream,273.96,23.13,5.04,18.49,21.02,0.51,65.65,67.38,15.663743161588037,44.4739047683368,False
Pear chocholate sunday,183.49,15.02,2.08,13.11,14.41,0.07,29.11,56.67,11.708363107987731,33.73856983308989,False
Chocolate sauce,263.2,43.21,1.91,10.39,42.06,0.0,21.3,18.8,7.354514391414366,59.263782985244276,False
Coffee ice cream,150.62,14.09,3.15,9.43,13.35,0.0,22.23,95.72,14.361879082379662,29.9544641783775,False
Coffee pear alaska,203.99,19.36,2.88,13.22,16.88,0.15,28.43,60.61,12.730336492852366,36.070608794224356,False
Crunchy butterscotch,277.32,19.92,3.11,20.99,17.73,0.47,46.39,72.26,13.559010062438219,42.01941170936243,False
Peach melba ice cream,200.85,16.31,2.06,14.51,13.35,0.06,33.23,60.55,11.839756472284254,33.918252900533204,False
Vanilla ice cream with apples in hot cherry sauce,196.32,22.75,1.73,11.45,14.19,0.26,26.15,56.34,11.609105474970077,33.116723810438714,False
Grape and orange whip,57.39,6.72,1.41,2.62,5.66,0.97,6.51,17.4,12.460346013959246,17.782993515624163,False
Honey banana cream,125.49,13.64,2.78,6.68,10.51,0.7,14.27,43.52,13.910536755703587,25.17063573212068,False
Raspberry bavarian cream,150.1,17.82,3.34,7.88,15.3,2.19,19.94,26.4,16.05364635799406,29.849603268489503,False
Fruit delight,107.09,9.11,2.09,7.09,9.03,0.09,12.28,71.69,12.981121985039355,24.01901621738159,False
Creamy chocolate mousse,230.52,9.53,6.85,18.16,8.99,0.0,129.13,45.25,17.676948493245593,35.977171905248674,False
Cold lemon souffle,169.87,15.62,5.89,9.78,13.88,0.0,98.14,55.03,16.477153732978792,34.62256678125446,False
Cold orange souffle,173.19,16.27,5.94,9.82,14.42,0.11,98.65,55.45,16.67567317136775,35.15614456004421,False
Cold pineapple souffle,181.22,16.85,6.23,10.39,14.99,0.0,104.39,57.13,16.829337101888548,36.3458879179842,False
Cold vanilla souffle,179.54,16.29,6.22,10.32,14.49,0.0,100.85,62.47,17.037650266892946,35.61431743506265,False
Cold chocolate souffle,187.53,17.22,6.37,10.86,15.31,0.0,98.07,62.91,17.152695164770773,36.48842495085181,False
Stewed fruit (with pear),74.32,18.22,0.25,0.32,17.67,2.84,0.0,5.94,12.482623599411024,27.367953049715965,False
Apricot fool,240.79,33.64,1.54,11.35,21.29,1.0,27.58,26.37,10.927622255304538,40.30421601515281,False
Pavlova,200.6,21.84,1.84,12.29,20.37,0.06,31.94,23.0,9.759364716440203,39.519228163338994,False
Apple crumb pudding,220.85,35.17,1.54,8.87,27.69,1.33,21.68,38.49,11.228730410166452,44.26950652321615,False
Steamed cake with chocolate sauce,301.91,29.06,4.49,19.01,19.72,0.29,78.72,67.76,14.657634198782333,45.24873906783599,False
Hot lemon souffle,155.25,16.31,5.29,7.93,12.07,0.14,116.79,48.77,15.922145845036965,33.35236090803571,False
Gulab jamun with milk powder,471.15,28.24,0.85,40.15,27.04,0.05,1.25,26.13,7.19003170933801,59.68532672255663,False
Chum chum,130.05,28.27,1.52,1.92,27.84,0.02,0.1,62.58,9.976502028525637,39.30768427568696,False
Dil bahar,130.05,28.27,1.52,1.92,27.84,0.02,0.1,62.58,9.976502028525637,39.30768427568696,False
Rasbhari,130.05,28.27,1.52,1.92,27.84,0.02,0.1,62.58,9.976502028525637,39.30768427568696,False
Rajbogh,133.7,28.16,1.71,2.28,27.66,0.11,0.1,63.23,10.403835148589046,39.22828820486829,False
Rasgulla,118.64,25.79,1.38,1.75,25.4,0.01,0.09,57.09,9.885952556225373,36.84299198929044,False
Rasmalai,135.55,29.17,1.61,2.11,28.71,0.07,0.09,62.31,10.070076898437614,40.22259303055273,False
Khoa coconut burfi,411.45,36.55,9.98,26.01,35.6,4.07,0.0,309.84,33.52618451192717,55.47274798461204,False
Danedar burfi,102.68,12.33,3.24,4.72,11.98,0.09,0.0,107.53,15.307866808815245,24.552346381728412,False
Semolina burfi (Suji/Rava burfi),348.67,47.1,3.47,16.86,28.67,2.8,39.41,14.86,15.113904611522905,50.35567857163703,False
Pumpkin coconut burfi (Kaddu aur nariyal ki burfi),186.18,17.02,1.75,12.66,16.11,4.29,5.11,21.76,17.152725093298947,31.68332067992972,False
Khoa ladoo,396.02,34.43,12.21,24.09,33.37,3.08,0.0,358.61,36.51860817630948,52.053746857597574,False
Wheat and gram flour ladoo (Atta besan ladoo),501.7,50.5,9.38,29.86,18.46,6.01,60.99,35.27,29.455953766426624,46.35078825000939,False
Semolina ladoo with nuts (Suji/Rava ladoo with nuts),441.84,48.02,5.44,25.45,19.79,4.27,58.8,18.04,20.88565771822669,47.02361217777037,False
Sesame chickpeas brittle (Til aur channe ki chikki),282.74,50.49,8.5,4.66,36.48,5.54,0.0,150.73,29.79213987780407,45.902091909652384,False
Murmura chikki,253.82,59.59,2.12,0.32,48.27,0.37,0.0,63.3,9.145270742696669,59.6231450836343,False
Masala onion pakora/pakoda (Pyaaz ke pakode),551.64,6.48,2.05,57.61,1.58,1.44,0.0,11.06,12.941319517785224,43.152395719993045,False
Masala green chilli pakora/pakoda (Hari mirch kay pakode),668.76,5.55,2.22,71.01,0.27,1.34,0.0,8.58,12.725111460653483,49.175770747860426,False
Chicken pakora/pakoda,590.09,4.55,6.03,60.98,0.22,0.96,11.98,9.08,17.33242363184373,43.333752414880834,False
Fish pakora/pakoda,577.03,4.55,5.97,59.52,0.22,0.96,9.04,12.65,17.40350084836925,42.38020746096192,False
Paneer cutlet,672.2,7.62,4.59,69.38,2.52,0.39,0.0,107.86,16.945955579461657,50.26269348180587,False
Sago cutlet/vadas (Sabudana cutlet/vadas),558.76,11.23,0.56,56.97,0.1,0.54,0.0,5.43,9.491899705785029,42.80468016882424,False
Poshtik cutlet,496.45,7.39,2.0,50.94,0.32,1.35,0.0,14.94,13.140167561823471,38.54825626785442,False
Egg cutlet (Anda cutlet),575.02,5.77,2.45,60.25,0.2,0.58,45.0,16.22,12.138539747683122,46.41465157400047,False
Minced meat cutlet,531.86,5.61,5.1,54.47,0.31,0.4,16.5,20.82,15.6678087113743,40.812445362246095,False
Vegetable samosa,443.11,13.22,2.21,42.22,0.74,1.52,4.06,10.37,13.713785921696413,34.82142901825392,False
Plain urad dal vada (Uzunne vada/Minapa garelu/Ulundu vadai/Medu vada),745.5,9.7,4.39,76.32,0.16,2.27,0.0,10.6,17.032053615967634,51.27953328146948,False
Masala urad dal vada,703.78,9.93,4.32,71.62,0.7,2.71,0.0,11.87,17.76935898210026,49.024561915635175,False
Khaman (dhokla),54.73,5.36,1.92,2.8,1.36,1.49,0.0,5.31,14.113389148566887,13.014902963604662,False
Instant dhokla,207.11,24.11,7.66,9.37,6.86,3.57,2.59,66.58,26.063601104340556,20.47903050834809,False
Tomato ginger chutney (Tamatar adarak ki chutney),44.66,9.11,1.05,0.32,6.31,2.14,0.0,23.63,14.112696164104314,16.442636293842313,False
Mint tomato chutney (Pudinay aur tamatar ki chutney),43.65,8.22,1.53,0.36,5.48,2.63,0.0,47.59,16.341824134307373,15.240999244688942,False
Coriander chutney (Hare dhaniye ki chutney),42.86,8.16,1.38,0.37,5.5,2.47,0.0,39.8,15.650715450998737,15.386009134293918,False
Gooseberry chutney (Amla chutney),43.02,8.83,1.44,0.62,0.06,4.58,0.0,46.4,19.992643859795432,9.453620966444749,False
Walnut chutney (Akhrot ki chutney),370.43,8.91,9.44,33.46,4.4,3.04,3.33,119.57,28.74661403291998,29.785013533786653,False
Saunth/Sonth chutney with ginger,84.22,20.62,0.28,0.11,19.04,0.31,0.0,15.17,8.447190806750402,30.028461457259564,False
Gun powder chutney,312.34,47.65,21.55,2.67,1.16,13.95,0.0,68.87,62.25523852351983,4.3865397095953576,True
Dessicated coconut chutney (Sookhe kase nariyal ki chutney) ,346.36,36.72,12.88,15.88,10.41,13.16,0.0,73.55,48.435173315933156,21.94360014302585,False
Curd mint dip ,76.13,9.11,4.82,2.44,7.83,0.77,8.34,172.79,20.8904215212868,18.955744334784864,False
Curd vegetable dip,56.21,6.04,3.88,1.94,5.42,0.63,6.59,129.58,18.44862557754,16.49216164506734,False
Mayonnaise vegetable dip,241.27,4.8,3.01,23.44,4.39,0.41,29.91,91.42,15.326370352965089,29.006676127039338,False
Tomato and cucumber sandwich (Tamatar aur kheere ka sandwich),150.68,20.51,4.03,6.31,1.79,2.1,13.52,76.75,19.758223649384774,16.45039432555371,False
Tomato sandwich (grilled),189.92,21.29,6.26,9.39,2.58,1.91,24.95,150.9,24.32884779983742,19.01875897821079,False
French sandwich (toasted),186.75,14.82,6.82,11.51,1.82,1.37,104.86,100.73,22.515672263919498,24.0198405074662,False
Peanut butter cucumber sandwich,243.33,29.76,9.04,10.56,2.91,3.35,0.0,95.35,28.727540396832072,17.517421061163077,False
Mint and peanut sandwich,273.59,31.83,7.18,13.88,2.78,3.67,21.7,114.99,27.252793834001498,21.155699610452263,False
Spicy chutney sandwich,249.58,34.03,8.74,9.58,3.96,3.73,2.86,154.53,30.58301400115772,18.378907919622446,False
Chicken walnut sandwich (Chicken aur akhrot ke sandwich),285.78,22.62,12.58,16.77,1.77,1.53,31.68,78.45,29.745404079143047,21.046599558421292,False
Rolled sandwich,293.07,34.69,6.45,15.29,2.7,2.07,35.25,117.68,23.64707984041692,23.952439100477584,False
Ribbon sandwich,239.26,24.76,6.26,13.37,4.66,2.92,34.85,157.85,25.845758699769934,23.482852864256905,False
Checker board sandwich,348.37,25.94,7.37,24.65,2.9,2.22,64.42,188.02,26.828408153758105,29.96215706203876,False
Submarine sandwich,216.92,13.6,6.09,15.32,2.5,1.24,62.46,72.35,20.47142414228784,24.334870665790678,False
Cheese open sandwich,274.07,28.42,9.84,14.24,3.24,1.74,28.38,256.25,31.58649978956231,22.03403069211799,False
Sunset and sunrise open sandwich,241.31,18.89,8.58,15.14,1.95,1.39,123.49,114.07,25.07292527691136,27.05393694066811,False
Danish luncheon sandwich,193.82,17.77,9.03,10.1,1.13,1.52,124.4,77.13,25.017801040337172,23.325657324667485,False
Chicken and corn open sandwich,188.16,19.21,8.63,8.83,2.48,1.67,31.78,65.13,24.547154745639766,18.29344975464184,False
Chocolate sponge cake,239.86,39.54,9.13,5.51,25.0,0.52,173.46,33.99,19.616988771667117,47.93813693928203,False
Chocolate swiss roll,306.08,26.97,6.01,19.76,18.83,0.29,138.28,42.79,15.829619874286394,47.89863915668528,False
Lemon curd filling,225.62,26.41,3.43,12.58,26.13,0.0,118.13,16.39,10.670556334765845,50.167966614292396,False
Jam filling,184.62,46.15,0.0,0.0,41.54,0.0,0.0,0.0,4.670539854482074,52.90016086648758,False
Chocolate pastry,243.37,32.24,7.05,10.12,22.34,0.32,121.03,50.7,17.383861987198692,44.854513108419994,False
Assorted pastry,230.74,31.99,6.78,8.91,19.7,0.43,131.02,47.2,17.392470967409416,42.43928769510863,False
Orange gateau,178.05,27.01,4.78,6.02,18.33,0.68,87.91,41.69,15.383195207918405,37.01025373737254,False
Black forest gateau,217.82,30.57,5.94,8.58,21.97,0.28,107.21,46.79,15.872775071100564,43.02076622830234,False
Lemon cake,373.85,43.1,5.29,20.63,25.84,0.62,123.01,32.77,14.376664103056724,55.23888753387739,False
Dundee cake,396.62,41.4,7.78,22.7,21.3,1.81,111.12,58.11,20.819019845687237,50.00378672436855,False
Victorian sandwich cake,373.09,44.74,5.18,19.83,28.18,0.59,117.02,36.25,14.069267452018012,56.753204649354004,False
Chocolate eggless cake,312.01,43.45,6.66,13.19,34.2,0.32,35.49,185.38,19.681488411938044,53.01605401695696,False
Orange eggless cake,355.62,52.65,7.16,13.82,37.87,0.56,40.97,205.84,20.88479360201689,57.55595088685927,False
Chocolate glace icing,436.29,62.43,3.22,20.8,59.88,0.0,44.49,26.75,7.028726376907455,83.78901940199195,False
Butter icing,500.72,71.64,0.19,25.37,71.64,0.0,65.74,12.48,1.1916444971898734,100.0,False
Chocolate butter icing,469.59,61.72,3.21,24.77,59.82,0.0,54.9,31.87,7.040943741029528,86.49798367084635,False
Almond biscuit (Badam ke biscuit),407.74,52.14,6.25,19.7,22.19,1.5,73.79,44.05,17.950310343688486,48.47202640955496,False
Orange biscuit,354.78,62.11,3.63,11.01,42.63,0.75,51.51,20.35,10.677987656608401,62.86245668980662,False
Gingerman biscuit,357.43,55.24,6.26,12.73,21.64,2.0,70.42,41.35,18.951631541333747,43.98470305421374,False
Coffee drops,443.07,43.06,7.57,27.16,18.27,1.88,94.23,57.09,20.881511058763092,48.8268212873472,False
Christmas biscuit,406.07,60.97,5.67,15.88,26.01,2.17,64.54,29.07,17.56006408203293,49.900900260335895,False
Christmas wreath biscuit,386.05,58.07,5.43,15.01,24.89,2.28,60.87,29.71,17.606096879217578,47.94985606597098,False
Christmas bell biscuit,404.85,60.79,5.66,15.84,25.94,2.33,64.34,32.0,17.90727479864127,49.70688371684561,False
Christmas star biscuit,392.03,74.54,3.54,10.04,53.05,1.47,35.98,22.75,10.757352967595953,71.50978333186849,False
Christmas tree biscuit,385.63,58.41,5.43,15.0,24.77,2.65,60.87,35.04,18.38821316456307,47.64090563269552,False
Chocolate cream shells,427.17,59.26,5.1,19.34,34.72,0.9,80.56,28.53,13.638206726276104,61.325318897263585,False
Jelly biscuit,404.61,55.24,4.23,19.33,29.76,2.02,44.67,36.46,15.230357683622104,53.86461252909937,False
Cherry and walnut cookies,422.6,59.35,5.63,18.75,30.37,1.3,60.15,46.27,16.0497616644485,55.390492099079694,False
Cheese straws,382.0,30.61,9.83,24.28,1.79,1.29,201.93,160.64,27.419328765597395,37.64505263214757,False
Butterfly biscuit,341.45,25.33,9.98,22.11,2.44,1.02,169.12,202.49,28.485095714459234,34.609413963885416,False
Flan pastry,445.8,47.84,6.72,25.04,6.22,1.58,102.33,21.85,19.533125161771988,38.239576097420695,False
Fruit flan,261.35,34.71,3.3,12.48,9.52,0.71,49.52,19.28,13.698985340593246,31.297871125766324,False
Orange cream flan,280.28,36.16,4.73,13.59,25.27,0.63,119.55,27.9,13.78748715559475,50.20995621519768,False
Fruit puree tart,286.5,30.42,3.35,16.83,9.79,1.31,42.87,19.64,14.659526829620066,32.861491606636086,False
Apple banana pie,243.99,32.12,3.13,11.39,12.96,1.89,24.66,21.23,15.230533506283068,31.571301181194478,False
Lemon chiffon pie,259.31,27.63,4.88,14.52,11.39,0.66,70.3,34.43,15.836041553765744,34.33463842059002,False
Orange chiffon pie,207.57,23.14,3.89,11.16,10.46,0.7,53.94,30.34,14.730161717799117,30.534000193437404,False
Cream buns,215.74,14.16,4.45,15.81,5.95,0.31,93.93,45.27,15.519908469252924,30.694247248691603,False
Savoury puffs,190.79,10.8,9.51,15.24,4.51,0.33,70.73,68.83,23.13437176526142,25.147482657557912,False
Choux swans,216.34,14.92,4.35,15.6,6.13,0.35,92.21,44.67,15.426986113285807,30.711285452385304,False
Potato aigrettes,530.03,8.01,2.35,54.24,0.73,0.45,49.7,9.2,11.664484300871583,44.22134594418691,False
Cream horns,408.23,23.12,3.42,33.55,7.12,0.6,93.08,30.93,13.63200356878669,42.376466738654955,False
Savoury cheese horns,295.15,21.38,5.66,20.71,2.74,0.73,50.63,121.83,20.353111092940896,27.850724924522904,False
Paneer patties,338.58,22.79,7.6,23.96,4.04,1.18,45.19,129.9,23.66767946156814,29.77357377653984,False
Vegetable patties ,261.92,20.98,4.01,17.74,1.49,2.62,39.33,18.96,18.568716962268848,23.95280072836102,False
Pearl millet infant food (Bajra shishu aahaar),362.44,62.1,11.98,6.62,26.06,7.84,0.0,118.52,38.24943740047132,36.36100456015824,False
Sajina,345.26,66.87,10.81,3.03,25.89,7.62,0.0,54.4,34.57871722380072,35.16969667666082,False
Cereal mix ,120.81,21.84,3.32,2.02,10.68,2.03,0.0,21.4,16.297612329934537,21.839773159267242,False
Pulse mix,83.29,16.0,3.16,0.54,6.59,2.25,0.0,14.93,16.752028768338146,16.736641479816367,False
Shishu ahar,93.37,17.42,2.61,1.43,6.61,1.02,0.0,13.78,13.929986276278502,18.129881119227065,False
Cereal pulse mix with amylase rice flour,151.57,27.8,4.27,2.74,8.84,3.47,0.0,12.61,19.8369321094605,19.999629390297976,False
Banana groundnut paste/puree,213.19,36.15,4.27,5.45,31.67,1.7,0.0,74.93,16.202581095786503,43.89542640050097,False
Rice dal porridge (Chawal dal ki khichdi/khichri),383.33,65.04,10.8,8.33,26.54,4.51,0.0,50.46,29.095521909858164,40.01115659372946,False
Lentils and semolina porridge (Dal suji porridge/daliya),117.29,23.19,3.26,1.06,13.84,1.44,0.0,44.74,15.606519183014235,24.617387344464717,False
Spinach khichri (Palak khichri/khichdi),102.18,17.35,3.43,1.91,0.21,1.56,0.0,10.43,16.467796054744834,12.090862919965563,False
Vegetable mix,174.21,36.02,4.7,0.94,27.36,1.93,2.2,90.06,18.154229054156783,37.415518018986255,False
Lentils and wheat porridge (Dal wheat porridge/daliya ),52.54,8.36,2.71,0.94,0.92,1.28,0.0,26.28,15.497804002174206,11.71804024563533,False
Maize porridge,89.57,15.64,2.14,1.89,7.69,1.68,0.0,17.02,14.380942296074295,19.035437126083284,False
Spinach peanut burfi (Palak aur mungfali ki burfi),105.37,13.59,3.36,4.39,11.5,2.07,0.0,40.95,16.864368212398933,23.013714564952394,False
Split bengal gram burfi/fudge (Channa dal burfi),287.36,54.63,4.65,7.09,43.38,2.06,15.06,16.44,14.225861215905748,57.33777068170937,False
Chickpea flour cookies (Sweet besan rounds/cookies),207.01,39.64,4.29,3.42,30.66,2.56,6.15,54.95,17.205413582624935,42.08477358848917,False
Pearl millet mathri (Bajra mathri),785.08,7.42,1.82,83.12,0.16,1.36,6.55,4.63,11.795542579380644,56.40205267459561,False
Sesame biscuit (Til ke biscuit),424.03,53.65,8.27,19.34,29.73,6.83,28.19,298.06,36.17369110818318,49.19272271519312,False
Fermented bengal gram vada (Khameerikrit/Ufna hua channa dal ka vada),657.57,8.68,4.05,67.19,0.35,2.65,0.0,20.5,17.72150821713771,46.288501778170605,False
Poshtik namak paras,613.39,19.52,6.49,56.58,0.87,4.55,14.3,60.74,25.388356348811648,41.077264009767674,False
Soya chikki,423.7,62.89,7.18,15.51,45.47,3.55,32.71,81.25,21.377646840495338,64.51275630900999,False
Besan bathua chilla/cheela,373.82,40.65,11.48,18.57,1.45,7.79,40.83,64.75,38.19380801786269,21.191758756594453,False
Wheat flour and nuts ladoos (Atta nuts ladoos),391.9,44.31,9.46,19.19,15.94,7.3,25.45,127.29,35.034971563073285,35.03885288782253,False
Gram flour and semolina dhokla (Besan suji dhokla),198.91,25.92,8.52,7.1,2.58,4.59,1.39,66.66,29.393643335230642,14.70131572137834,False
Atta dal burfi ,298.8,40.64,6.66,12.47,21.08,4.08,23.81,17.07,22.46036037576833,37.951738170105884,False
Soya roti,283.96,40.03,9.18,9.23,1.58,8.71,0.02,53.42,36.716669906434156,13.998159965431281,False
Poshtik khichdi/khichri,93.37,15.64,3.04,1.88,0.26,2.0,0.0,30.41,17.268879094434958,11.861815459590368,False
Namkeen daliya,295.11,49.32,8.29,7.99,0.82,8.57,0.0,35.98,34.90405344860668,13.5605552539222,False
Sprouts upma ,316.25,44.96,9.5,10.44,1.67,7.16,0.0,36.78,34.02621044492499,15.87485854182938,False
Semolina idli (Suji/Rava idli),206.39,33.67,9.34,3.47,3.42,5.85,3.48,100.85,33.526091226051754,13.547539474379143,False
Poshtik chilla/cheela,159.53,27.47,4.85,3.04,1.22,4.91,0.0,18.18,23.945341943366337,12.414794212327894,False
Stuffed bittergourd (dry) (Bharwa karela),217.65,2.49,1.29,22.38,0.07,3.0,0.0,16.72,15.767879381838563,21.71114096468833,False
Cauliflower potato canjee,16.79,2.63,0.57,0.39,0.13,0.69,0.0,6.78,11.259726267589173,11.168333244897696,False
Creamed spinach,96.91,4.44,5.18,6.39,1.59,1.33,59.6,122.3,21.241814555507048,17.893098815621777,False
Mango milkshake with ice cream (Aam milkshake ice cream�ke�saath),68.35,9.18,1.93,2.8,9.11,0.23,1.3,69.36,13.068608282241783,21.058000810016182,False
Pineapple milkshake with ice cream (Ananas milkshake ice cream�ke�saath),68.49,9.33,1.93,2.75,9.2,0.42,1.3,68.78,13.358127922586124,21.029315191816526,False
Orange milkshake with ice cream (Narangi milkshake ice cream�ke�saath),67.82,9.15,1.95,2.75,9.0,0.16,1.3,69.8,13.004604069474698,20.95669726005007,False
Woodapple juice (Bel ka sharbat),34.18,6.51,0.63,0.7,5.75,1.03,0.0,11.85,11.436349123056168,16.561063122435154,False
Sattu drink,23.38,5.16,0.56,0.14,3.96,0.4,0.0,1.59,10.20872275272172,14.851649886156988,False
Apple and honey sorbet (Seb aur shehad ka sharbat),121.3,30.74,0.15,0.29,29.18,1.13,0.0,9.11,8.355653075944046,39.74711055263437,False
Thandai,101.18,9.13,3.59,5.89,8.21,0.8,0.0,112.31,17.46236243900542,21.004396021874612,False
Cucumber sharbat (Kheere ka sharbat),27.28,6.64,0.26,0.06,5.46,0.78,0.0,6.49,10.42749401107845,16.198753279710864,False
Apple oats chia seed smoothie,85.64,13.07,3.49,2.48,5.76,1.44,4.32,88.89,18.033603342562724,17.250565170196605,False
Nannari sharbat,88.79,23.62,0.01,0.01,23.58,0.0,0.0,2.67,6.731794324060065,34.47569861203793,False
Semolina milk drink (Thari kanji),44.16,6.93,0.98,1.36,3.88,0.72,0.93,8.26,11.453116745663701,15.391726506560328,False
Saffron milk (Kesariya doodh),102.18,12.64,3.17,4.57,12.5,0.14,0.0,110.88,15.344589784259513,24.963569049174144,False
Black rice kheer (Chak-hao kheer),147.94,22.93,4.37,4.91,12.57,0.76,0.0,94.89,17.4369967389629,25.375157489058022,False
Coconut kheer (Nariyal ki kheer),162.61,14.42,3.4,10.55,13.73,1.53,3.22,89.52,17.032129318179493,28.89156580654456,False
Apple sago payasam (Seb aur sabudana ki kheer),136.5,14.4,3.13,7.66,10.63,0.38,10.85,102.11,15.517470362920463,25.67118221176701,False
Kesari bath,244.57,31.38,2.4,12.59,20.16,1.65,27.84,7.7,12.683568756541453,39.13297041765495,False
Putharekulu,318.3,59.61,3.66,7.55,23.86,1.75,18.39,6.11,14.139001039385459,41.264152879536475,False
Mango malpua,334.64,12.84,1.65,30.67,4.96,2.08,75.21,10.64,13.558465574193592,36.625322972249194,False
Mango vanilla custard,147.63,18.41,3.43,7.04,14.62,0.99,0.35,84.86,16.032403139997232,28.23933332430586,False
Kiwi granola pudding,280.99,32.33,5.6,15.36,15.08,3.71,20.27,62.2,22.372531078359508,33.49927707374852,False
Oats burfi,425.19,62.47,8.89,17.27,32.93,4.96,10.33,128.58,28.700463626661822,50.99198826365382,False
Lotus seed halwa (Kamal gattay ka halwa),370.55,39.56,7.79,20.69,9.8,0.42,45.24,82.84,20.715637090034193,34.899245015181556,False
Amaranth ladoo (Rajgira ladoo),454.15,51.33,10.12,22.7,19.92,5.11,33.64,144.58,32.21687012524494,42.6019233164734,False
Chhena poda,344.57,33.64,13.68,17.94,30.65,1.4,3.31,295.29,34.251369792746715,46.79109760480385,False
Sweet couscous dessert,196.2,29.69,3.81,7.69,15.89,2.18,9.37,30.94,16.72638822856506,30.510559822305485,False
Sweetened yogurt (Shrikhand),107.18,16.02,5.27,2.89,15.81,0.08,9.95,183.02,19.754433371911954,27.307025363701495,False
Thickened sweetened milk (Rabri),102.79,10.55,3.52,5.35,10.09,0.19,0.0,111.87,16.156019817445234,22.895600015997253,False
Gram flour halwa (Besan halwa),276.79,25.78,5.88,17.3,15.83,1.82,33.12,77.42,19.8980052855027,36.39689355875984,False
Prawn sandwich,169.65,11.89,10.36,9.27,1.21,1.55,40.7,75.53,27.036490271430168,16.801756071744062,False
Watercress sandwich,229.42,28.03,5.17,11.47,1.81,2.26,26.56,98.16,21.95002625846171,20.28166365076544,False
Fish sandwich ,150.2,10.09,4.72,10.37,1.04,1.23,8.41,47.28,18.379468193836864,16.998947498302826,False
Kidney bean sandwich with cottage cheese,176.64,18.86,9.85,6.84,3.69,3.66,2.67,166.63,32.41045089948149,15.135573645655676,False
Finger millet biscuit (Ragi biscuit),458.56,52.69,4.03,25.79,16.9,5.97,64.19,207.04,27.63249526631393,44.93760852286389,False
Buttermilk biscuit,322.54,34.93,5.76,17.5,3.44,1.18,45.41,67.16,19.621457171059745,27.403955702363834,False
Lemon cookies,394.48,42.19,5.63,23.02,23.47,0.78,82.16,72.04,16.542740825661394,51.6094319662966,False
Sweet potato biscuit (Shakarkand ke biscuit),296.4,38.13,5.14,13.31,2.53,2.27,33.83,56.34,20.52876482901092,23.528904331450565,False
Raspberry shortbread cookies,441.12,61.25,3.0,21.25,40.86,0.75,54.36,13.81,9.58143984124764,67.14157581199127,False
Pumpkin cookies ,218.4,44.69,2.51,3.93,31.62,1.06,22.23,19.36,11.176391832625306,45.86166880068267,False
Greenpea cookies,159.42,23.07,6.53,4.24,14.45,5.32,0.0,48.45,26.288690236309286,23.930842685188285,False
Sunflower cookies,520.62,40.06,9.49,36.28,24.28,3.95,26.38,70.45,26.556462999451643,53.09319341308162,False
Cardamom cookies (Elaichi cookies),400.49,53.99,5.1,19.12,38.99,2.79,111.21,25.21,16.156733428957764,65.47499466586059,False
Hazelnut cookies,493.32,39.44,6.25,34.97,22.01,2.45,46.99,47.43,19.36734690453748,53.31856606584838,False
Milk cookies,459.43,48.43,10.49,24.96,22.06,0.99,67.93,251.59,28.614326504883557,49.511989863080125,False
Cranberry cookies,272.48,36.39,3.92,12.66,19.96,1.13,58.22,36.16,14.558597345348211,41.15055308257053,False
Olive biscuit,438.29,55.01,3.2,23.75,32.27,0.82,48.63,10.76,10.75225149596383,59.67973767982018,False
Tutti fruitti biscuit,420.78,53.12,5.21,17.9,15.75,5.43,44.48,23.81,23.30563548804556,38.91012799170612,False
Peach blueberry preserves,177.38,45.76,0.53,0.2,45.33,1.14,0.0,9.03,7.1198819111567495,55.45074292718039,False
Pear preserves (Naashpati ka murabba),101.24,25.67,0.25,0.19,25.19,3.06,0.0,6.57,12.052501747182053,34.629893792580546,False
Starfruit preserves ,128.93,33.62,0.24,0.12,33.47,0.78,0.0,5.24,7.323932296795146,43.88831612186697,False
Gooseberry pickle (Amla ka achaar),278.58,7.61,1.55,27.61,0.36,3.7,0.0,31.17,17.517123714292197,24.677657642825977,False
Lotus stem pickle (Kamal kakdi ka achar),102.69,20.07,1.44,1.6,2.53,8.58,0.0,137.73,28.96500245213668,11.341388820003804,False
Date pickle (Khajoor ka achaar),182.29,34.66,1.68,4.21,30.47,5.2,0.0,41.49,17.80340577022706,40.95552809088169,False
Garlic pickle (Lahasun ka achar),413.62,9.75,3.72,39.88,2.32,5.13,0.0,54.66,22.884539495035217,32.101285109480884,False
Fermented bamboo shoot pickle (Mesu pickle),59.83,1.73,1.58,5.59,0.29,2.24,0.0,16.62,15.296224360061359,12.87416901720868,False
Sweet peach pickle (Aadoo ka achaar),144.64,37.01,0.46,0.2,36.46,1.32,0.0,11.99,8.375679620792988,46.6158602852696,False
Pickled mustard greens ,13.12,1.05,1.51,0.22,0.02,1.7,0.0,81.44,16.36233588063313,10.03952663651641,False
Small onion pickle ,16.86,2.76,1.65,0.64,2.99,1.09,0.0,31.95,13.767043608834456,13.211536922260724,False
Green tomato pickle (Haray tamatar ka achaar),193.26,2.87,1.23,19.67,0.77,1.74,0.0,14.22,13.521774387968101,21.52996628719882,False
Pickled cabbage ,13.69,2.56,0.39,0.14,2.08,0.61,0.0,15.96,10.958451058254132,12.892586363593738,False
Coconut pickle (Nariyal ka aachar),517.26,11.53,3.02,51.71,8.98,6.35,0.0,44.78,22.694084232903347,44.185495386525616,False
Potato pickle (Aloo ka achaar),369.14,7.87,2.07,36.46,0.82,2.21,0.0,48.46,15.950234475567045,30.710437803719334,False
Mango murabba candy,293.35,77.32,0.27,0.05,74.73,0.95,0.0,16.55,3.488258648513126,84.84145937751695,False
Afghani chicken,151.51,1.95,15.66,9.07,0.83,0.31,42.14,35.14,30.817049281253027,14.573931123175132,False
Fish orly,563.7,4.27,5.87,58.18,0.24,0.33,11.78,9.55,16.162084343339618,42.169260989021836,False
Hariyali Fish Tikka,150.24,2.21,14.01,9.41,0.83,0.99,43.28,34.86,29.760418389014184,15.050666048667647,False
Chicken manchurian,142.34,6.06,9.53,11.96,0.9,0.41,37.88,26.52,22.63603037541372,17.56588328026693,False
Handi chicken,166.02,1.49,12.32,12.46,0.75,0.67,33.71,26.85,26.743191604720703,16.622202573399534,False
Lemon chicken,169.79,0.55,20.2,9.66,0.16,0.16,60.15,17.4,36.008692381549125,13.958010015769792,False
Lemon butter fish,160.25,0.75,16.38,10.26,0.23,0.36,46.11,18.66,31.3883931382657,14.568420991902665,False
Baked eggs in tomato sauce,80.05,3.78,4.92,5.22,2.03,0.01,77.26,71.94,17.180005254120843,19.386054753469544,False
Egg in a pepper,128.78,0.17,12.64,8.68,0.05,0.17,345.88,48.25,26.220021849351326,33.45043507259751,False
Spinach mushroom scrambled egg (Palak mushroom bhurji),158.85,0.59,13.28,11.51,0.1,0.39,276.56,140.31,30.229385873182512,30.4501840167859,False
Corn omelette/omlet,166.93,1.57,11.37,12.89,0.41,0.02,253.36,96.22,25.82497115074881,30.892447446120425,False
Cajun chicken,184.94,1.94,12.69,13.99,1.1,0.89,39.32,156.98,31.28964796012879,17.97919784685143,False
Paaner do pyaza,127.7,3.41,4.22,10.87,2.2,0.84,15.07,57.22,17.22934957679005,18.530309243263993,False
Cabbage manchurian (Pattagobhi manchurian),224.26,4.85,0.64,22.48,0.33,0.37,0.18,3.18,10.123419370746923,23.73305068616116,False
Gobi 65,278.29,3.59,0.56,29.11,0.29,0.57,0.29,12.37,10.45612938270023,27.122775797887673,False
Paneer lababdar,105.48,3.37,3.98,8.46,1.96,1.16,7.19,55.56,17.50686544861065,16.429674782567297,False
Roasted cauliflower steak,78.68,2.02,2.05,6.7,0.44,3.53,0.0,24.47,18.231114844262603,12.972341531022234,False
Sauteed radishes with green beans,94.32,6.04,2.41,6.61,1.78,3.52,7.44,40.2,18.97278610888181,14.83127254619405,False
Garlic chutney/Poondu chutney (Lahasun ki chutney),255.51,20.44,3.34,17.55,13.36,5.15,0.0,63.51,22.047454408068926,31.033830244300283,False
Schezwan chutney,205.19,10.79,3.33,17.72,5.66,5.72,0.79,35.46,23.00795443744765,22.75077110963976,False
Onion chutney (Pyaaz ki chutney/Vengaya chutney),143.94,13.52,2.97,8.38,6.8,4.6,0.0,28.5,20.579283842099187,19.865356891910764,False
Dates chutney (Khajoor ki chutney),103.57,21.69,1.07,1.12,18.68,3.41,0.0,28.72,15.025777338533741,28.596518044298517,False
Chicken salad,338.19,1.3,15.33,30.26,0.96,2.0,47.62,43.19,32.8520304714459,25.772983751890152,False
Macaroni salad,262.19,21.63,5.02,17.78,3.73,0.56,58.64,35.7,16.67209752090308,27.844786161663034,False
Cabbage raita (Pattagobhi raita),84.84,5.25,3.24,5.76,4.21,0.93,16.26,118.49,17.788747513746447,18.057414632150635,False
Pomegranate raita (Anaar ka raita),72.64,7.15,4.05,3.24,7.01,0.6,4.67,138.31,18.677077740129825,18.575058147928914,False
Onion raita (Pyaaz ka raita),71.56,7.86,4.86,2.43,7.07,0.65,8.61,163.8,20.565145275194645,18.222694775187822,False
Green chilli raita (Hari mirch ka raita),77.13,7.66,5.58,2.92,7.49,0.26,10.52,193.58,21.668379914424516,18.92431060365137,False
Kale salad,177.71,5.01,4.86,15.33,3.31,1.36,6.12,109.11,20.231843703177113,21.111014582198646,False
Spinach and paneer souffle ,186.19,9.64,7.56,13.49,2.81,1.07,76.02,114.32,23.32756696376441,23.640382230559915,False
Masala souffle ,123.51,8.02,6.38,7.37,1.84,1.24,86.45,103.68,21.983777780412634,20.291868564244325,False
Chicken and cheese souffle,182.35,3.47,9.07,14.74,2.46,0.26,89.24,61.71,22.41169493103829,24.295359389185148,False
Tamarind chutney (Chintapandu pachadi/Puli chutney),109.15,25.07,0.88,0.48,22.85,1.65,0.68,40.3,11.7593928857397,33.29034673920571,False
Pav bhaji masala,230.47,29.15,9.13,10.96,1.48,24.3,0.0,588.91,78.12347472027186,5.425733039241333,True
Green chutney,79.42,10.01,5.42,1.6,0.92,5.84,0.0,112.74,29.10727432582345,9.15174747607077,False
Sago khitchdi/khichri (Sabudana khitchdi/khichri),187.16,22.41,2.72,10.1,1.03,1.82,12.24,15.13,15.763438867961792,18.46864698644844,False
Gram flour chilla/cheela (Besan chilla/cheela),135.93,21.03,7.8,2.85,1.87,4.25,0.0,28.38,26.973970674173422,11.560163914947708,False
Vegetable namkeen jave,112.23,18.98,2.93,2.51,1.04,2.86,3.41,10.32,17.84725392024473,13.029325483484811,False
Khakhra,178.5,27.66,4.78,5.32,0.88,5.43,0.0,21.27,24.78461408670039,13.079807033148755,False
Moong bean dosa (Pesarattu),285.96,31.91,12.32,11.67,2.9,6.04,17.86,36.44,35.677836783332225,17.282218571006215,False
Methi thepla,346.16,41.34,8.98,15.95,2.98,7.56,1.85,73.51,34.80547541876362,19.745910486291663,False
Rice puttu (Ari puttu),81.98,11.82,1.26,3.13,0.33,0.76,0.0,4.96,12.10943096948017,13.44061586400373,False
Buckwheat pancake (Khura),263.3,27.28,2.91,16.43,0.64,0.56,41.31,11.32,13.593629344047041,24.37163209756801,False
Quinoa khichdi/khichri,64.01,8.83,3.18,1.59,0.69,2.58,2.61,24.59,18.217981738280283,11.306121924429451,False
Khakhra chaat,358.66,16.64,4.52,30.65,3.26,3.04,0.06,24.49,19.70671429363196,29.292513591740587,False
Banana appam,469.81,20.06,1.17,42.53,9.95,0.67,0.0,13.74,10.047462706816948,44.466514884921,False
Veg manchurian,585.64,6.82,0.89,61.65,0.76,1.16,0.0,16.79,11.10558987971533,45.16614559850359,False
Pav bhaji,96.53,11.99,2.66,4.32,2.06,1.98,8.91,24.86,16.308873135115896,15.119651965739033,False
Rice murukku,593.99,33.29,5.41,48.22,0.17,2.18,5.32,24.63,19.262365059835272,38.21086408876924,False
Bhel puri ,509.89,16.47,3.52,47.91,3.41,2.24,0.0,24.22,16.604478948191435,39.5492076798699,False
Semolina dhokla (Suji/Rava dhokla),194.91,30.86,5.44,5.2,1.85,5.12,0.0,31.17,25.313888114765753,14.177996455361736,False
Spicy corn chaat ,479.8,11.45,4.61,46.55,0.95,2.17,3.89,17.28,18.01445743048865,36.01910390261673,False
Jackfruit fritters (Ponsa mulik/Kathal ka pakora),597.79,24.0,2.34,54.41,11.48,1.5,0.0,24.62,12.796994555317546,51.91310852298545,False
Banana chips (Kele ke chips),665.67,7.32,0.37,70.46,4.37,0.65,0.0,2.01,8.537747609836622,53.72406086878167,False
Wheat cake,314.63,41.13,4.79,14.95,25.79,2.76,40.13,98.91,19.594193700271976,45.862412818331244,False
Mango cheesecake,152.46,20.06,2.39,7.3,15.36,1.14,16.9,55.1,13.912895324119566,30.480888765865327,False
Carrot cake (Gajar ka cake),255.59,35.98,5.6,10.27,23.96,2.93,11.61,156.1,23.01514644334888,39.083151591692555,False
Semolina cake (Suji/Rava cake),374.14,31.32,6.58,25.18,18.86,5.37,27.06,128.28,27.66323041593058,41.57541171984096,False
Finger millet cake (Ragi cake),279.46,38.93,3.96,12.27,24.76,2.35,25.2,118.38,18.62042605462485,42.829263028929574,False
Honey cake,333.59,49.04,3.08,14.7,33.43,0.51,1.54,50.86,11.511175409303238,52.54290276309413,False
Almond cardamom cake (Badam elaichi cake),356.35,34.53,7.18,21.36,18.06,2.35,74.32,81.29,22.10669701677595,43.37633012474392,False
Tutti frutti cake,347.72,52.94,4.49,12.68,28.08,0.85,2.46,61.41,14.827764710915954,46.63844469697743,False
Ham and Bean soup,96.04,4.18,10.61,4.15,1.43,0.54,25.92,20.52,24.256965401060764,13.081211824667264,False
Whey soup,68.91,6.26,3.45,3.34,5.87,0.84,0.83,164.92,19.19511594704456,17.372319506324352,False
Bottle gourd soup (Ghiya/Lauki soup),23.05,1.16,0.45,1.79,0.39,0.96,0.72,15.14,11.732456228599895,11.981308132302004,False
Baked potato soup,147.05,5.85,5.73,11.21,3.44,0.3,26.31,106.56,19.57051792144381,20.573670633219997,False
Pumpkin soup,40.05,2.08,0.47,3.2,1.47,1.19,0.86,12.17,11.899668596068729,13.709623271216076,False
Sweet corn soup,32.25,3.56,0.99,1.63,0.9,0.31,0.0,3.72,10.975697031276006,12.662577140368583,False
Paneer soup,47.85,2.42,3.22,2.8,1.98,0.28,0.0,82.76,16.01012638652785,13.513687874577185,False
Curried Cauliflower soup,37.32,3.12,6.72,9.77,1.79,2.34,4.77,37.25,22.576588658487495,13.348791371147932,False
Millet soup,55.99,8.22,11.26,12.57,1.45,2.82,1.45,65.21,30.12905745439845,12.149913053646475,False
Lemon coriander soup,108.06,10.32,2.27,6.26,2.2,6.77,0.0,102.57,25.97036628608042,13.346315014782016,False
Garlic soup,194.86,6.99,2.38,17.62,2.39,1.66,22.92,60.55,16.04938017902394,23.33888103682679,False
Dal makhani,74.04,7.96,3.32,3.06,0.8,2.27,7.25,20.62,17.71153422192097,12.525719462000339,False
Dalma,118.93,15.04,4.91,4.58,3.1,2.16,0.0,54.28,20.31498553501231,15.104573981869322,False
Split bengal gram dal (Channa dal),99.67,9.99,4.15,4.62,0.98,3.72,8.53,21.99,21.175453884742655,12.81211287536311,False
Horsegram dal (Kulthi dal) ,55.65,8.21,2.91,1.13,0.72,1.52,0.0,38.22,16.521780199025393,11.470077581805295,False
Panchmel dal,111.22,10.71,4.63,5.36,0.75,3.2,11.86,23.05,20.96674799921283,13.395394520726484,False
Dal dhokli,68.74,8.55,2.96,2.47,1.12,1.86,0.0,14.54,16.38391580163243,12.394012483910348,False
Gujarati handvo ,207.09,31.86,8.24,4.8,2.51,4.95,1.93,68.21,29.71251126523387,13.99549324498843,False
Sev (Omapodi/Karapusa),609.14,12.87,5.12,60.08,0.53,2.35,0.0,13.95,18.590369465518076,42.64694330317166,False
Papdi,708.96,12.89,1.83,72.11,0.31,0.56,0.0,6.06,10.792327941178636,51.04294965321628,False
Jowar dosa,294.35,40.53,8.5,10.28,0.59,5.56,0.0,19.46,29.68753978346154,15.56124177410996,False
Bread roll,435.46,16.12,2.85,40.25,0.94,1.45,0.0,44.83,15.476399780293804,33.68025171435362,False
Soya seekh kebab,115.05,10.0,5.4,5.88,0.51,2.24,0.0,15.67,20.21834931602593,12.879946479147547,False
Classic seasoned black beans,28.78,7.66,8.01,8.28,0.44,3.51,0.0,40.11,26.486267093951312,10.01507000045195,False
Maa chaane ki dal,344.67,43.11,19.8,9.5,1.05,13.45,15.36,68.65,58.93368100382349,9.270049947089166,False
Garlic chickpea soup (Lahasun aur chane ka shoraba),89.53,13.92,4.45,2.01,2.65,2.84,0.0,13.93,19.78055165385781,12.995069467223384,False
White sauce (thin),115.17,6.58,3.31,8.41,4.58,0.07,11.04,110.2,16.11663694494627,20.064733303246726,False
White sauce (medium),151.27,7.98,3.36,11.76,4.32,0.14,20.47,103.53,16.01424817849277,22.321810939513167,False
White sauce (thick),209.69,10.24,3.43,17.19,3.9,0.24,35.72,92.74,15.812092903599035,25.988540907493565,False
Cheese sauce,194.76,7.08,7.68,15.12,4.53,0.12,39.75,255.14,25.899177523937222,24.121442590944852,False
Egg sauce,146.85,5.88,5.97,11.08,3.19,0.12,111.08,89.49,18.871607312663606,25.580245050822292,False
Mushroom sauce,137.56,7.31,3.39,10.51,3.86,0.47,18.2,94.1,16.415201841623947,20.847552050756782,False
Mustard sauce,158.58,8.29,3.98,12.17,4.22,0.13,19.97,109.03,16.97130236025346,22.261182649303652,False
Brown sauce,109.18,5.38,11.92,23.67,0.13,1.69,0.0,40.44,28.29315572896605,16.174930927989823,False
Classic italian pasta,42.12,4.4,0.57,2.45,2.94,1.36,1.7,19.55,12.382743298447213,14.756783851763625,False
Pasta spinach sauce,85.46,1.76,1.76,7.9,1.04,0.86,9.34,58.57,14.297246815073196,16.13098793269857,False
Pasta cheese sauce,149.26,9.0,4.33,10.84,4.22,0.14,22.22,152.68,18.7450902975272,21.59039461201683,False
Mayonnaise,774.86,1.65,1.86,84.52,1.44,0.11,117.12,15.36,9.609612410016222,65.32668529634985,False
Low calorie quick mayonnaise,242.89,4.71,1.41,24.35,0.83,0.06,35.67,6.47,10.510903561484968,27.307833173719377,False
Thousand island dressing,407.87,4.49,1.37,42.87,3.1,0.46,34.0,9.11,10.490535505135066,39.13346335681882,False
Curd dip,79.95,7.95,5.04,3.36,7.12,0.1,10.59,167.17,19.952778969793755,19.105324702252865,False
Short crust pastry,422.1,44.72,6.11,23.98,3.18,1.58,61.0,16.9,19.067497031806955,32.25613445363401,False
Choux pastry,222.37,16.2,5.55,14.96,1.5,0.56,125.01,19.43,17.01901734627587,27.88975071867352,False
Flaky pastry,443.94,33.61,4.69,31.99,0.81,1.25,0.0,9.28,16.692621269217177,30.280362826977065,False
Sponge cake ,253.77,44.63,9.18,4.74,26.33,0.69,182.09,30.22,19.693699216418246,49.62314850127314,False
Glace icing,323.51,86.31,0.01,0.01,85.35,0.0,0.0,1.95,0.0,95.71269147865063,False
Royal icing,332.58,86.53,1.74,0.02,85.57,0.0,0.0,2.87,2.2692089772987387,95.42513950402095,False
American frosting,257.57,67.48,1.05,0.01,67.46,0.0,0.0,7.05,3.456766170669413,77.6057415759551,False
Gum icing,223.07,53.19,5.94,0.0,52.63,0.0,0.0,18.62,11.812701911400438,61.429400658708644,False
Channa murmura premix,339.09,72.59,10.59,3.28,1.52,8.21,0.0,21.36,36.8877622623889,12.824473314845315,False
Cracked wheat and green gram dal premix (Dalia moong dal premix),362.16,64.75,15.89,5.11,0.63,11.66,0.0,49.03,50.41961608017326,9.291273249752088,False
Rice flakes and roasted channa ,333.4,71.94,10.57,2.94,1.31,8.84,0.0,17.23,37.818723068623626,12.078808688469234,False
Spinach soup in milk ,56.72,3.98,2.89,3.2,3.34,0.79,0.0,106.1,16.944511825783884,14.956427980306602,False
Vegetable soup,55.21,7.6,2.22,1.55,1.61,3.01,3.34,18.1,17.388364624701655,12.141384458416933,False
Mashed banana with milk,95.43,14.62,2.51,2.99,11.35,0.71,0.0,78.64,14.640617555529168,23.203732748606534,False
Poha with curd (Poha aur dahi),173.32,26.72,6.01,4.65,5.46,1.09,13.37,140.9,22.18076044232695,19.42190770478095,False
Potato with curd,73.18,12.01,3.19,1.33,3.3,1.02,4.38,85.41,17.133073247875213,14.683905890865725,False
Sweet wheat porridge (Sweet dalia),140.66,23.77,5.11,2.79,12.23,2.37,0.0,99.18,21.285937151159093,23.06389270974786,False
Vegetable khichdi/khichri,143.17,19.57,5.61,4.53,3.71,2.45,11.92,100.54,22.947855331345764,16.499875263803567,False
Moong dal mixture,158.84,33.93,4.62,1.0,24.68,1.9,2.38,70.53,17.723429382248018,34.72138716180843,False
Cracked wheat khichri/khichdi (Dalia khichri/khichdi),167.45,22.35,7.56,5.52,3.79,3.74,14.62,123.04,28.25157846472176,16.190095755252273,False
Stewed apple,91.93,22.49,0.17,0.37,20.45,1.48,0.0,9.25,9.910676734255464,31.01997760204718,False
Lemon squash (Nimbu ka squash),184.56,48.88,0.15,0.06,48.88,0.0,0.0,9.85,4.375544664319305,59.510159074404285,False
Orange squash (Santre ka squash),193.26,50.88,0.22,0.04,50.56,0.4,0.0,10.62,4.9695221761247925,60.99013572365337,False
Lichi squash,198.33,51.96,0.3,0.08,51.31,0.41,0.0,6.39,4.8841183971544115,61.76005693831263,False
Mango squash (Aam ka squash),194.66,50.96,0.17,0.17,50.84,0.58,0.0,9.47,5.135688918683449,61.24879248337028,False
Pineapple squash (Ananas ka squash),195.02,51.34,0.16,0.05,51.08,1.06,0.0,7.96,5.851204063933626,61.19408971576857,False
Lemon and ginger squash (Nimbu aur adrak ka squash),170.34,44.06,0.54,0.21,42.53,1.07,0.0,11.18,7.381063678587488,52.790535197091565,False
Apple jam (Seb ka murabba),188.79,48.56,0.14,0.32,46.76,1.29,0.0,10.84,6.747284860666818,57.12413264595358,False
Plum jam (Aloo bukhara jam),178.89,46.2,0.31,0.19,45.25,1.0,0.0,7.5,6.561782999850196,55.567823174793205,False
Pineapple jam ,149.18,38.27,0.32,0.15,37.44,2.2,0.0,10.47,9.50080756798827,47.199082255752344,False
Guava jelly (Amrood ki jelly),115.74,28.18,1.11,0.25,27.38,6.61,0.0,16.55,19.116724202420787,34.81765506363843,False
Orange marmalade (Santray ka murabba),104.17,25.94,0.66,0.13,25.09,1.97,0.0,17.59,11.114189421799779,34.971941713285645,False
Carrot murabba (Gajar ka murabba),175.24,45.6,0.32,0.16,44.83,1.39,0.0,15.86,7.51293256316389,54.89356602281305,False
Gooseberry marmalade (Amla murabba),123.16,32.34,0.14,0.03,28.61,0.0,0.0,16.4,6.745086942067367,39.75931391171417,False
Ginger candy (Adrak ki candy),195.71,50.38,0.69,0.27,47.99,1.67,0.0,10.43,7.9536799132723335,57.96374365832939,False
Mango pickle (Aam ka achaar),192.12,8.11,1.6,17.89,1.79,3.68,0.0,48.97,18.16458851176353,20.686784420638165,False
Mixed vegetable pickle (Sabziyoon ka achaar),211.2,7.48,1.9,19.68,2.77,2.76,0.0,42.81,16.701698416648554,22.962918162422376,False
Sweet lemon pickle (Neembu ka meetha achaar),69.54,16.87,1.22,0.21,14.63,2.13,0.0,42.57,13.97421859242197,24.438856647375015,False
Plum chutney (Aloo bukhara ki chutney),177.11,44.95,0.47,0.29,43.9,1.37,0.0,12.38,7.670128299497799,54.08743023648276,False
Raw mango chutney (Kachhe aam/Kairi ki chutney),193.13,49.94,0.51,0.16,45.22,2.17,0.0,25.92,9.295309961481417,55.17715017695646,False
Tomato sauce,34.33,7.23,0.81,0.27,5.69,1.79,0.0,13.0,12.98119185907926,15.905403191162854,False
Tomato puree,20.62,3.68,0.75,0.25,2.32,1.56,0.0,8.91,12.768921098465874,12.677857739876387,False
Garam masala,254.21,26.2,9.89,10.97,1.79,35.56,0.0,609.77,98.35326566369315,0.2360553896388069,True
Chat masala,222.58,23.87,8.19,9.91,0.79,18.62,0.0,519.5,65.54558254472994,7.516249734004706,True
Kashmiri masala,389.02,23.16,8.26,31.03,2.41,12.12,0.0,303.49,47.86853079915482,23.232310736718052,True
Rasam powder (Rasam masala),267.96,25.19,12.04,11.8,1.91,35.71,0.0,562.15,100.0,0.0,True
Sambar powder (Sambar masala),297.46,23.38,12.5,15.58,1.87,34.56,0.0,439.95,95.04702253577827,2.3211456396629195,True
Tartare sauce,610.93,2.96,1.44,66.12,2.18,0.42,50.47,21.06,10.32357698689534,51.85688293424215,False
Barbeque sauce,121.93,20.46,0.96,4.51,18.88,0.69,0.0,28.61,10.267906942844727,31.774926015624246,False
Bread sauce,111.04,8.69,3.46,7.05,4.63,0.56,8.48,110.72,17.172687477658457,19.082529679573003,False
Green chilli sauce,46.06,7.36,1.25,0.27,5.36,1.77,0.0,9.89,13.46208364939214,15.703218822437258,False
Home made plain noodles,238.78,44.5,6.21,3.56,1.07,1.65,0.0,12.27,20.10350219540624,15.340784547604605,False
Dal moong,43.69,4.92,2.2,1.62,0.13,1.08,3.55,7.69,14.021034755852378,11.564333626818275,False
Cumin seeds baghar (Jeera baghar/tadka),736.81,5.22,3.34,78.77,0.49,6.01,189.23,177.77,26.098112348122065,62.554693782856035,False
Onion tomato baghar (Pyaaz tamatar ka tadka),137.52,6.17,1.26,11.98,3.51,2.12,29.17,20.45,14.184605172604774,21.737114898129064,False
Mustard seeds baghar (Mustard seed tadka),552.59,10.45,4.73,54.3,1.14,9.74,130.57,182.93,34.96276022741026,44.50490340410336,False
Hot cherry sauce,252.74,67.95,0.13,0.07,17.65,0.0,0.0,24.82,8.047425724487534,32.75322035068433,False
Apple jelly (Seb ki jelly),152.13,39.37,0.1,0.21,38.18,0.86,0.0,7.89,6.832789844840203,48.723172639405945,False
Marmalade (Murabba),143.76,37.64,0.23,0.04,37.29,0.43,0.0,9.84,6.4507116875730475,47.83618582468647,False
Plum squash (Aloo bukhara squash),211.17,55.51,0.16,0.1,55.02,0.52,0.0,6.9,4.494952169486233,65.41713957191764,False
Lemon green chilli pickle (Nimboo aur hari mirch ka achaar),14.07,2.14,0.85,0.24,1.0,1.07,0.0,20.05,12.556937377817148,11.539416106408869,False
Brinjal pickle (Baingan ka achaar),139.01,4.23,2.24,12.98,1.07,4.62,0.0,37.28,20.431548142466564,16.42453120919763,False
Sweet and sour tomato pickle (Khatta meetha tamatar ka achaar),60.88,6.55,1.26,3.24,4.31,2.2,0.0,15.18,14.386135008206649,15.882149176072721,False
Jhatpat achar with carrot (Jhatpat achaar gajar ke saath),91.21,6.32,1.98,6.55,3.04,5.08,0.0,54.31,21.297737352727488,14.80105711974451,False
Tomato chutney (Tamatar ki chutney),176.07,31.85,0.97,6.01,30.02,1.49,0.0,25.34,10.265018211916969,43.18958588646356,False
Tomato ketchup,33.07,6.48,0.91,0.3,4.68,1.9,0.0,15.33,13.470198008467715,14.87644738525334,False
Bengal 5 Spice Blend (Panch Phoran),289.79,20.0,18.26,22.16,1.4,18.4,0.0,523.0,78.1613126338088,9.855144201554356,True
